base,ligand,solvent,concentration,temperature,yield
KOAc,BrettPhos,DMAc,0.1,105,5.47
KOAc,PPhtBu2,DMAc,0.1,105,0
KOAc,tBPh-CPhos,DMAc,0.1,105,78.95
KOAc,PCy3 HBF4,DMAc,0.1,105,7.26
KOAc,PPh3,DMAc,0.1,105,28.15
KOAc,X-Phos,DMAc,0.1,105,65.37
KOPiv,BrettPhos,DMAc,0.1,105,0.07
KOPiv,PPhtBu2,DMAc,0.1,105,0
KOPiv,tBPh-CPhos,DMAc,0.1,105,28.64
KOPiv,PCy3 HBF4,DMAc,0.1,105,10.44
KOPiv,PPh3,DMAc,0.1,105,63.13
KOPiv,X-Phos,DMAc,0.1,105,77.41
CsOAc,BrettPhos,DMAc,0.1,105,4.74
CsOAc,PPhtBu2,DMAc,0.1,105,0
CsOAc,tBPh-CPhos,DMAc,0.1,105,29.31
CsOAc,PCy3 HBF4,DMAc,0.1,105,12.83
CsOAc,PPh3,DMAc,0.1,105,62.82
CsOAc,X-Phos,DMAc,0.1,105,87.83
CsOPiv,BrettPhos,DMAc,0.1,105,0
CsOPiv,PPhtBu2,DMAc,0.1,105,0
CsOPiv,tBPh-CPhos,DMAc,0.1,105,7.62
CsOPiv,PCy3 HBF4,DMAc,0.1,105,8.85
CsOPiv,PPh3,DMAc,0.1,105,52.05
CsOPiv,X-Phos,DMAc,0.1,105,29.16
KOAc,BrettPhos,BuCN,0.1,105,18.44
KOAc,PPhtBu2,BuCN,0.1,105,0
KOAc,tBPh-CPhos,BuCN,0.1,105,6.17
KOAc,PCy3 HBF4,BuCN,0.1,105,0
KOAc,PPh3,BuCN,0.1,105,6.24
KOAc,X-Phos,BuCN,0.1,105,47.3
KOPiv,BrettPhos,BuCN,0.1,105,56.05
KOPiv,PPhtBu2,BuCN,0.1,105,0
KOPiv,tBPh-CPhos,BuCN,0.1,105,6.39
KOPiv,PCy3 HBF4,BuCN,0.1,105,0.35
KOPiv,PPh3,BuCN,0.1,105,4.28
KOPiv,X-Phos,BuCN,0.1,105,56.14
CsOAc,BrettPhos,BuCN,0.1,105,64.48
CsOAc,PPhtBu2,BuCN,0.1,105,0
CsOAc,tBPh-CPhos,BuCN,0.1,105,5.88
CsOAc,PCy3 HBF4,BuCN,0.1,105,0.57
CsOAc,PPh3,BuCN,0.1,105,3.21
CsOAc,X-Phos,BuCN,0.1,105,83.83
CsOPiv,BrettPhos,BuCN,0.1,105,55.41
CsOPiv,PPhtBu2,BuCN,0.1,105,0
CsOPiv,tBPh-CPhos,BuCN,0.1,105,5.41
CsOPiv,PCy3 HBF4,BuCN,0.1,105,0.33
CsOPiv,PPh3,BuCN,0.1,105,3.44
CsOPiv,X-Phos,BuCN,0.1,105,68.53
KOAc,BrettPhos,BuOAc,0.1,105,17.09
KOAc,PPhtBu2,BuOAc,0.1,105,0
KOAc,tBPh-CPhos,BuOAc,0.1,105,0
KOAc,PCy3 HBF4,BuOAc,0.1,105,0
KOAc,PPh3,BuOAc,0.1,105,3.41
KOAc,X-Phos,BuOAc,0.1,105,64.62
KOPiv,BrettPhos,BuOAc,0.1,105,49.22
KOPiv,PPhtBu2,BuOAc,0.1,105,0
KOPiv,tBPh-CPhos,BuOAc,0.1,105,22.75
KOPiv,PCy3 HBF4,BuOAc,0.1,105,0
KOPiv,PPh3,BuOAc,0.1,105,1.92
KOPiv,X-Phos,BuOAc,0.1,105,48.25
CsOAc,BrettPhos,BuOAc,0.1,105,26.64
CsOAc,PPhtBu2,BuOAc,0.1,105,0
CsOAc,tBPh-CPhos,BuOAc,0.1,105,0
CsOAc,PCy3 HBF4,BuOAc,0.1,105,0
CsOAc,PPh3,BuOAc,0.1,105,4.22
CsOAc,X-Phos,BuOAc,0.1,105,86.43
CsOPiv,BrettPhos,BuOAc,0.1,105,27.48
CsOPiv,PPhtBu2,BuOAc,0.1,105,0
CsOPiv,tBPh-CPhos,BuOAc,0.1,105,15.16
CsOPiv,PCy3 HBF4,BuOAc,0.1,105,0
CsOPiv,PPh3,BuOAc,0.1,105,0.91
CsOPiv,X-Phos,BuOAc,0.1,105,59.92
KOAc,BrettPhos,p-Xylene,0.1,105,16.44
KOAc,PPhtBu2,p-Xylene,0.1,105,0
KOAc,tBPh-CPhos,p-Xylene,0.1,105,6.39
KOAc,PCy3 HBF4,p-Xylene,0.1,105,0
KOAc,PPh3,p-Xylene,0.1,105,2.06
KOAc,X-Phos,p-Xylene,0.1,105,43.76
KOPiv,BrettPhos,p-Xylene,0.1,105,29.17
KOPiv,PPhtBu2,p-Xylene,0.1,105,0
KOPiv,tBPh-CPhos,p-Xylene,0.1,105,14.92
KOPiv,PCy3 HBF4,p-Xylene,0.1,105,0
KOPiv,PPh3,p-Xylene,0.1,105,1.41
KOPiv,X-Phos,p-Xylene,0.1,105,35.07
CsOAc,BrettPhos,p-Xylene,0.1,105,40.03
CsOAc,PPhtBu2,p-Xylene,0.1,105,0
CsOAc,tBPh-CPhos,p-Xylene,0.1,105,19.51
CsOAc,PCy3 HBF4,p-Xylene,0.1,105,0.55
CsOAc,PPh3,p-Xylene,0.1,105,10.5
CsOAc,X-Phos,p-Xylene,0.1,105,67.17
CsOPiv,BrettPhos,p-Xylene,0.1,105,21.54
CsOPiv,PPhtBu2,p-Xylene,0.1,105,0
CsOPiv,tBPh-CPhos,p-Xylene,0.1,105,28.65
CsOPiv,PCy3 HBF4,p-Xylene,0.1,105,0
CsOPiv,PPh3,p-Xylene,0.1,105,0.66
CsOPiv,X-Phos,p-Xylene,0.1,105,53.63
KOAc,BrettPhos,DMAc,0.1,90,5.22
KOAc,PPhtBu2,DMAc,0.1,90,0
KOAc,tBPh-CPhos,DMAc,0.1,90,47.03
KOAc,PCy3 HBF4,DMAc,0.1,90,1.71
KOAc,PPh3,DMAc,0.1,90,14.29
KOAc,X-Phos,DMAc,0.1,90,38.03
KOPiv,BrettPhos,DMAc,0.1,90,0
KOPiv,PPhtBu2,DMAc,0.1,90,0
KOPiv,tBPh-CPhos,DMAc,0.1,90,10.12
KOPiv,PCy3 HBF4,DMAc,0.1,90,3.01
KOPiv,PPh3,DMAc,0.1,90,38.78
KOPiv,X-Phos,DMAc,0.1,90,55.17
CsOAc,BrettPhos,DMAc,0.1,90,4.23
CsOAc,PPhtBu2,DMAc,0.1,90,0
CsOAc,tBPh-CPhos,DMAc,0.1,90,17.74
CsOAc,PCy3 HBF4,DMAc,0.1,90,4.02
CsOAc,PPh3,DMAc,0.1,90,32.36
CsOAc,X-Phos,DMAc,0.1,90,84.17
CsOPiv,BrettPhos,DMAc,0.1,90,0
CsOPiv,PPhtBu2,DMAc,0.1,90,0
CsOPiv,tBPh-CPhos,DMAc,0.1,90,4.77
CsOPiv,PCy3 HBF4,DMAc,0.1,90,3.69
CsOPiv,PPh3,DMAc,0.1,90,33.59
CsOPiv,X-Phos,DMAc,0.1,90,22.94
KOAc,BrettPhos,BuCN,0.1,90,9.66
KOAc,PPhtBu2,BuCN,0.1,90,0
KOAc,tBPh-CPhos,BuCN,0.1,90,4.61
KOAc,PCy3 HBF4,BuCN,0.1,90,0
KOAc,PPh3,BuCN,0.1,90,2.83
KOAc,X-Phos,BuCN,0.1,90,26.5
KOPiv,BrettPhos,BuCN,0.1,90,39.5
KOPiv,PPhtBu2,BuCN,0.1,90,0.95
KOPiv,tBPh-CPhos,BuCN,0.1,90,6.69
KOPiv,PCy3 HBF4,BuCN,0.1,90,0
KOPiv,PPh3,BuCN,0.1,90,2.48
KOPiv,X-Phos,BuCN,0.1,90,45.95
CsOAc,BrettPhos,BuCN,0.1,90,48.21
CsOAc,PPhtBu2,BuCN,0.1,90,0
CsOAc,tBPh-CPhos,BuCN,0.1,90,6.27
CsOAc,PCy3 HBF4,BuCN,0.1,90,0
CsOAc,PPh3,BuCN,0.1,90,5.8
CsOAc,X-Phos,BuCN,0.1,90,86.37
CsOPiv,BrettPhos,BuCN,0.1,90,48.64
CsOPiv,PPhtBu2,BuCN,0.1,90,0
CsOPiv,tBPh-CPhos,BuCN,0.1,90,5.29
CsOPiv,PCy3 HBF4,BuCN,0.1,90,0
CsOPiv,PPh3,BuCN,0.1,90,1.9
CsOPiv,X-Phos,BuCN,0.1,90,69.11
KOAc,BrettPhos,BuOAc,0.1,90,20.73
KOAc,PPhtBu2,BuOAc,0.1,90,0
KOAc,tBPh-CPhos,BuOAc,0.1,90,0
KOAc,PCy3 HBF4,BuOAc,0.1,90,0
KOAc,PPh3,BuOAc,0.1,90,1.19
KOAc,X-Phos,BuOAc,0.1,90,28.11
KOPiv,BrettPhos,BuOAc,0.1,90,30.95
KOPiv,PPhtBu2,BuOAc,0.1,90,0
KOPiv,tBPh-CPhos,BuOAc,0.1,90,0
KOPiv,PCy3 HBF4,BuOAc,0.1,90,0
KOPiv,PPh3,BuOAc,0.1,90,0.65
KOPiv,X-Phos,BuOAc,0.1,90,42.3
CsOAc,BrettPhos,BuOAc,0.1,90,29.21
CsOAc,PPhtBu2,BuOAc,0.1,90,0
CsOAc,tBPh-CPhos,BuOAc,0.1,90,0
CsOAc,PCy3 HBF4,BuOAc,0.1,90,0
CsOAc,PPh3,BuOAc,0.1,90,1.9
CsOAc,X-Phos,BuOAc,0.1,90,85.24
CsOPiv,BrettPhos,BuOAc,0.1,90,23.75
CsOPiv,PPhtBu2,BuOAc,0.1,90,0
CsOPiv,tBPh-CPhos,BuOAc,0.1,90,0
CsOPiv,PCy3 HBF4,BuOAc,0.1,90,0
CsOPiv,PPh3,BuOAc,0.1,90,0.26
CsOPiv,X-Phos,BuOAc,0.1,90,3
KOAc,BrettPhos,p-Xylene,0.1,90,17.92
KOAc,PPhtBu2,p-Xylene,0.1,90,0
KOAc,tBPh-CPhos,p-Xylene,0.1,90,7.34
KOAc,PCy3 HBF4,p-Xylene,0.1,90,0
KOAc,PPh3,p-Xylene,0.1,90,0.55
KOAc,X-Phos,p-Xylene,0.1,90,25.5
KOPiv,BrettPhos,p-Xylene,0.1,90,38.12
KOPiv,PPhtBu2,p-Xylene,0.1,90,0
KOPiv,tBPh-CPhos,p-Xylene,0.1,90,23.22
KOPiv,PCy3 HBF4,p-Xylene,0.1,90,0
KOPiv,PPh3,p-Xylene,0.1,90,0.32
KOPiv,X-Phos,p-Xylene,0.1,90,26.33
CsOAc,BrettPhos,p-Xylene,0.1,90,42.45
CsOAc,PPhtBu2,p-Xylene,0.1,90,0
CsOAc,tBPh-CPhos,p-Xylene,0.1,90,20.04
CsOAc,PCy3 HBF4,p-Xylene,0.1,90,0
CsOAc,PPh3,p-Xylene,0.1,90,5.91
CsOAc,X-Phos,p-Xylene,0.1,90,59.27
CsOPiv,BrettPhos,p-Xylene,0.1,90,19.39
CsOPiv,PPhtBu2,p-Xylene,0.1,90,0
CsOPiv,tBPh-CPhos,p-Xylene,0.1,90,31.97
CsOPiv,PCy3 HBF4,p-Xylene,0.1,90,0
CsOPiv,PPh3,p-Xylene,0.1,90,0
CsOPiv,X-Phos,p-Xylene,0.1,90,36.98
KOAc,BrettPhos,DMAc,0.1,120,5.03
KOAc,PPhtBu2,DMAc,0.1,120,7.71
KOAc,tBPh-CPhos,DMAc,0.1,120,82.09
KOAc,PCy3 HBF4,DMAc,0.1,120,24.56
KOAc,PPh3,DMAc,0.1,120,74.04
KOAc,X-Phos,DMAc,0.1,120,88.41
KOPiv,BrettPhos,DMAc,0.1,120,0.26
KOPiv,PPhtBu2,DMAc,0.1,120,28.53
KOPiv,tBPh-CPhos,DMAc,0.1,120,68.33
KOPiv,PCy3 HBF4,DMAc,0.1,120,47.58
KOPiv,PPh3,DMAc,0.1,120,86.46
KOPiv,X-Phos,DMAc,0.1,120,80.61
CsOAc,BrettPhos,DMAc,0.1,120,4.08
CsOAc,PPhtBu2,DMAc,0.1,120,12.35
CsOAc,tBPh-CPhos,DMAc,0.1,120,62.6
CsOAc,PCy3 HBF4,DMAc,0.1,120,44.53
CsOAc,PPh3,DMAc,0.1,120,87.32
CsOAc,X-Phos,DMAc,0.1,120,84.81
CsOPiv,BrettPhos,DMAc,0.1,120,0
CsOPiv,PPhtBu2,DMAc,0.1,120,1.31
CsOPiv,tBPh-CPhos,DMAc,0.1,120,17.43
CsOPiv,PCy3 HBF4,DMAc,0.1,120,27.93
CsOPiv,PPh3,DMAc,0.1,120,76.33
CsOPiv,X-Phos,DMAc,0.1,120,48.15
KOAc,BrettPhos,BuCN,0.1,120,29.25
KOAc,PPhtBu2,BuCN,0.1,120,0
KOAc,tBPh-CPhos,BuCN,0.1,120,8.4
KOAc,PCy3 HBF4,BuCN,0.1,120,1.96
KOAc,PPh3,BuCN,0.1,120,12.65
KOAc,X-Phos,BuCN,0.1,120,56.57
KOPiv,BrettPhos,BuCN,0.1,120,50.79
KOPiv,PPhtBu2,BuCN,0.1,120,0
KOPiv,tBPh-CPhos,BuCN,0.1,120,6.44
KOPiv,PCy3 HBF4,BuCN,0.1,120,3.28
KOPiv,PPh3,BuCN,0.1,120,9.59
KOPiv,X-Phos,BuCN,0.1,120,50.93
CsOAc,BrettPhos,BuCN,0.1,120,69.13
CsOAc,PPhtBu2,BuCN,0.1,120,0
CsOAc,tBPh-CPhos,BuCN,0.1,120,7.69
CsOAc,PCy3 HBF4,BuCN,0.1,120,3.8
CsOAc,PPh3,BuCN,0.1,120,13.09
CsOAc,X-Phos,BuCN,0.1,120,84.17
CsOPiv,BrettPhos,BuCN,0.1,120,46.53
CsOPiv,PPhtBu2,BuCN,0.1,120,0
CsOPiv,tBPh-CPhos,BuCN,0.1,120,5.3
CsOPiv,PCy3 HBF4,BuCN,0.1,120,3.1
CsOPiv,PPh3,BuCN,0.1,120,7.36
CsOPiv,X-Phos,BuCN,0.1,120,59.81
KOAc,BrettPhos,BuOAc,0.1,120,25.86
KOAc,PPhtBu2,BuOAc,0.1,120,0
KOAc,tBPh-CPhos,BuOAc,0.1,120,0
KOAc,PCy3 HBF4,BuOAc,0.1,120,0
KOAc,PPh3,BuOAc,0.1,120,7.89
KOAc,X-Phos,BuOAc,0.1,120,73.71
KOPiv,BrettPhos,BuOAc,0.1,120,43.18
KOPiv,PPhtBu2,BuOAc,0.1,120,0
KOPiv,tBPh-CPhos,BuOAc,0.1,120,0
KOPiv,PCy3 HBF4,BuOAc,0.1,120,0
KOPiv,PPh3,BuOAc,0.1,120,4.23
KOPiv,X-Phos,BuOAc,0.1,120,66.49
CsOAc,BrettPhos,BuOAc,0.1,120,35.91
CsOAc,PPhtBu2,BuOAc,0.1,120,0
CsOAc,tBPh-CPhos,BuOAc,0.1,120,0
CsOAc,PCy3 HBF4,BuOAc,0.1,120,0.03
CsOAc,PPh3,BuOAc,0.1,120,4.94
CsOAc,X-Phos,BuOAc,0.1,120,2.79
CsOPiv,BrettPhos,BuOAc,0.1,120,51.99
CsOPiv,PPhtBu2,BuOAc,0.1,120,0
CsOPiv,tBPh-CPhos,BuOAc,0.1,120,19.42
CsOPiv,PCy3 HBF4,BuOAc,0.1,120,1.37
CsOPiv,PPh3,BuOAc,0.1,120,2.49
CsOPiv,X-Phos,BuOAc,0.1,120,52.22
KOAc,BrettPhos,p-Xylene,0.1,120,18.55
KOAc,PPhtBu2,p-Xylene,0.1,120,0
KOAc,tBPh-CPhos,p-Xylene,0.1,120,5.69
KOAc,PCy3 HBF4,p-Xylene,0.1,120,0
KOAc,PPh3,p-Xylene,0.1,120,5.94
KOAc,X-Phos,p-Xylene,0.1,120,67.04
KOPiv,BrettPhos,p-Xylene,0.1,120,37.36
KOPiv,PPhtBu2,p-Xylene,0.1,120,0
KOPiv,tBPh-CPhos,p-Xylene,0.1,120,20.87
KOPiv,PCy3 HBF4,p-Xylene,0.1,120,0
KOPiv,PPh3,p-Xylene,0.1,120,4.48
KOPiv,X-Phos,p-Xylene,0.1,120,44.74
CsOAc,BrettPhos,p-Xylene,0.1,120,28.93
CsOAc,PPhtBu2,p-Xylene,0.1,120,0
CsOAc,tBPh-CPhos,p-Xylene,0.1,120,16.09
CsOAc,PCy3 HBF4,p-Xylene,0.1,120,2.98
CsOAc,PPh3,p-Xylene,0.1,120,16.64
CsOAc,X-Phos,p-Xylene,0.1,120,67.17
CsOPiv,BrettPhos,p-Xylene,0.1,120,25.35
CsOPiv,PPhtBu2,p-Xylene,0.1,120,0
CsOPiv,tBPh-CPhos,p-Xylene,0.1,120,23.77
CsOPiv,PCy3 HBF4,p-Xylene,0.1,120,0.69
CsOPiv,PPh3,p-Xylene,0.1,120,2.69
CsOPiv,X-Phos,p-Xylene,0.1,120,55.8
KOAc,BrettPhos,DMAc,0.057,90,3.6
KOAc,PPhtBu2,DMAc,0.057,90,0
KOAc,tBPh-CPhos,DMAc,0.057,90,57.27
KOAc,PCy3 HBF4,DMAc,0.057,90,3.4
KOAc,PPh3,DMAc,0.057,90,19.55
KOAc,X-Phos,DMAc,0.057,90,43.2
KOPiv,BrettPhos,DMAc,0.057,90,0
KOPiv,PPhtBu2,DMAc,0.057,90,0
KOPiv,tBPh-CPhos,DMAc,0.057,90,12.23
KOPiv,PCy3 HBF4,DMAc,0.057,90,5.85
KOPiv,PPh3,DMAc,0.057,90,46.46
KOPiv,X-Phos,DMAc,0.057,90,52.77
CsOAc,BrettPhos,DMAc,0.057,90,1.96
CsOAc,PPhtBu2,DMAc,0.057,90,0
CsOAc,tBPh-CPhos,DMAc,0.057,90,31.18
CsOAc,PCy3 HBF4,DMAc,0.057,90,8.04
CsOAc,PPh3,DMAc,0.057,90,36.96
CsOAc,X-Phos,DMAc,0.057,90,79.33
CsOPiv,BrettPhos,DMAc,0.057,90,0
CsOPiv,PPhtBu2,DMAc,0.057,90,0
CsOPiv,tBPh-CPhos,DMAc,0.057,90,5.29
CsOPiv,PCy3 HBF4,DMAc,0.057,90,6.38
CsOPiv,PPh3,DMAc,0.057,90,44.96
CsOPiv,X-Phos,DMAc,0.057,90,23.71
KOAc,BrettPhos,BuCN,0.057,90,6.26
KOAc,PPhtBu2,BuCN,0.057,90,0
KOAc,tBPh-CPhos,BuCN,0.057,90,5.62
KOAc,PCy3 HBF4,BuCN,0.057,90,0
KOAc,PPh3,BuCN,0.057,90,4.3
KOAc,X-Phos,BuCN,0.057,90,18.72
KOPiv,BrettPhos,BuCN,0.057,90,29.57
KOPiv,PPhtBu2,BuCN,0.057,90,0
KOPiv,tBPh-CPhos,BuCN,0.057,90,5.62
KOPiv,PCy3 HBF4,BuCN,0.057,90,0.14
KOPiv,PPh3,BuCN,0.057,90,5.92
KOPiv,X-Phos,BuCN,0.057,90,30.83
CsOAc,BrettPhos,BuCN,0.057,90,36.72
CsOAc,PPhtBu2,BuCN,0.057,90,0
CsOAc,tBPh-CPhos,BuCN,0.057,90,6.57
CsOAc,PCy3 HBF4,BuCN,0.057,90,0.28
CsOAc,PPh3,BuCN,0.057,90,6.56
CsOAc,X-Phos,BuCN,0.057,90,72.9
CsOPiv,BrettPhos,BuCN,0.057,90,37.58
CsOPiv,PPhtBu2,BuCN,0.057,90,0
CsOPiv,tBPh-CPhos,BuCN,0.057,90,4.89
CsOPiv,PCy3 HBF4,BuCN,0.057,90,0.86
CsOPiv,PPh3,BuCN,0.057,90,5.19
CsOPiv,X-Phos,BuCN,0.057,90,40.02
KOAc,BrettPhos,BuOAc,0.057,90,17.54
KOAc,PPhtBu2,BuOAc,0.057,90,0
KOAc,tBPh-CPhos,BuOAc,0.057,90,2.72
KOAc,PCy3 HBF4,BuOAc,0.057,90,0
KOAc,PPh3,BuOAc,0.057,90,1.27
KOAc,X-Phos,BuOAc,0.057,90,32.71
KOPiv,BrettPhos,BuOAc,0.057,90,61.94
KOPiv,PPhtBu2,BuOAc,0.057,90,0
KOPiv,tBPh-CPhos,BuOAc,0.057,90,17.9
KOPiv,PCy3 HBF4,BuOAc,0.057,90,0
KOPiv,PPh3,BuOAc,0.057,90,0.05
KOPiv,X-Phos,BuOAc,0.057,90,68.86
CsOAc,BrettPhos,BuOAc,0.057,90,22.92
CsOAc,PPhtBu2,BuOAc,0.057,90,0
CsOAc,tBPh-CPhos,BuOAc,0.057,90,7.84
CsOAc,PCy3 HBF4,BuOAc,0.057,90,0
CsOAc,PPh3,BuOAc,0.057,90,1.03
CsOAc,X-Phos,BuOAc,0.057,90,61.71
CsOPiv,BrettPhos,BuOAc,0.057,90,28.74
CsOPiv,PPhtBu2,BuOAc,0.057,90,0
CsOPiv,tBPh-CPhos,BuOAc,0.057,90,16.51
CsOPiv,PCy3 HBF4,BuOAc,0.057,90,0
CsOPiv,PPh3,BuOAc,0.057,90,0.43
CsOPiv,X-Phos,BuOAc,0.057,90,62.34
KOAc,BrettPhos,p-Xylene,0.057,90,12.39
KOAc,PPhtBu2,p-Xylene,0.057,90,0
KOAc,tBPh-CPhos,p-Xylene,0.057,90,6.98
KOAc,PCy3 HBF4,p-Xylene,0.057,90,0
KOAc,PPh3,p-Xylene,0.057,90,0.24
KOAc,X-Phos,p-Xylene,0.057,90,22.31
KOPiv,BrettPhos,p-Xylene,0.057,90,38.68
KOPiv,PPhtBu2,p-Xylene,0.057,90,0
KOPiv,tBPh-CPhos,p-Xylene,0.057,90,19.77
KOPiv,PCy3 HBF4,p-Xylene,0.057,90,0
KOPiv,PPh3,p-Xylene,0.057,90,0.04
KOPiv,X-Phos,p-Xylene,0.057,90,23.45
CsOAc,BrettPhos,p-Xylene,0.057,90,25.62
CsOAc,PPhtBu2,p-Xylene,0.057,90,0
CsOAc,tBPh-CPhos,p-Xylene,0.057,90,16.76
CsOAc,PCy3 HBF4,p-Xylene,0.057,90,0
CsOAc,PPh3,p-Xylene,0.057,90,2.04
CsOAc,X-Phos,p-Xylene,0.057,90,53.43
CsOPiv,BrettPhos,p-Xylene,0.057,90,21.8
CsOPiv,PPhtBu2,p-Xylene,0.057,90,0
CsOPiv,tBPh-CPhos,p-Xylene,0.057,90,25.31
CsOPiv,PCy3 HBF4,p-Xylene,0.057,90,0
CsOPiv,PPh3,p-Xylene,0.057,90,0.01
CsOPiv,X-Phos,p-Xylene,0.057,90,34.98
KOAc,BrettPhos,DMAc,0.057,105,2.41
KOAc,PPhtBu2,DMAc,0.057,105,0.12
KOAc,tBPh-CPhos,DMAc,0.057,105,68.71
KOAc,PCy3 HBF4,DMAc,0.057,105,6.22
KOAc,PPh3,DMAc,0.057,105,27.82
KOAc,X-Phos,DMAc,0.057,105,55.4
KOPiv,BrettPhos,DMAc,0.057,105,0
KOPiv,PPhtBu2,DMAc,0.057,105,0
KOPiv,tBPh-CPhos,DMAc,0.057,105,18.42
KOPiv,PCy3 HBF4,DMAc,0.057,105,10.98
KOPiv,PPh3,DMAc,0.057,105,63.61
KOPiv,X-Phos,DMAc,0.057,105,61
CsOAc,BrettPhos,DMAc,0.057,105,1.85
CsOAc,PPhtBu2,DMAc,0.057,105,0
CsOAc,tBPh-CPhos,DMAc,0.057,105,42.43
CsOAc,PCy3 HBF4,DMAc,0.057,105,15.26
CsOAc,PPh3,DMAc,0.057,105,53.46
CsOAc,X-Phos,DMAc,0.057,105,89.17
CsOPiv,BrettPhos,DMAc,0.057,105,0
CsOPiv,PPhtBu2,DMAc,0.057,105,0
CsOPiv,tBPh-CPhos,DMAc,0.057,105,7.33
CsOPiv,PCy3 HBF4,DMAc,0.057,105,11.52
CsOPiv,PPh3,DMAc,0.057,105,59.68
CsOPiv,X-Phos,DMAc,0.057,105,30.21
KOAc,BrettPhos,BuCN,0.057,105,6
KOAc,PPhtBu2,BuCN,0.057,105,0
KOAc,tBPh-CPhos,BuCN,0.057,105,6.57
KOAc,PCy3 HBF4,BuCN,0.057,105,0
KOAc,PPh3,BuCN,0.057,105,6.77
KOAc,X-Phos,BuCN,0.057,105,12.54
KOPiv,BrettPhos,BuCN,0.057,105,29.14
KOPiv,PPhtBu2,BuCN,0.057,105,0
KOPiv,tBPh-CPhos,BuCN,0.057,105,5.77
KOPiv,PCy3 HBF4,BuCN,0.057,105,0.85
KOPiv,PPh3,BuCN,0.057,105,6.78
KOPiv,X-Phos,BuCN,0.057,105,31.13
CsOAc,BrettPhos,BuCN,0.057,105,45.11
CsOAc,PPhtBu2,BuCN,0.057,105,0
CsOAc,tBPh-CPhos,BuCN,0.057,105,5.6
CsOAc,PCy3 HBF4,BuCN,0.057,105,1.13
CsOAc,PPh3,BuCN,0.057,105,9.16
CsOAc,X-Phos,BuCN,0.057,105,72.89
CsOPiv,BrettPhos,BuCN,0.057,105,39.86
CsOPiv,PPhtBu2,BuCN,0.057,105,0
CsOPiv,tBPh-CPhos,BuCN,0.057,105,5.06
CsOPiv,PCy3 HBF4,BuCN,0.057,105,1.95
CsOPiv,PPh3,BuCN,0.057,105,6.51
CsOPiv,X-Phos,BuCN,0.057,105,36.65
KOAc,BrettPhos,BuOAc,0.057,105,16.39
KOAc,PPhtBu2,BuOAc,0.057,105,0
KOAc,tBPh-CPhos,BuOAc,0.057,105,2.85
KOAc,PCy3 HBF4,BuOAc,0.057,105,0
KOAc,PPh3,BuOAc,0.057,105,1.94
KOAc,X-Phos,BuOAc,0.057,105,41.69
KOPiv,BrettPhos,BuOAc,0.057,105,48.88
KOPiv,PPhtBu2,BuOAc,0.057,105,0
KOPiv,tBPh-CPhos,BuOAc,0.057,105,11.64
KOPiv,PCy3 HBF4,BuOAc,0.057,105,0
KOPiv,PPh3,BuOAc,0.057,105,0.98
KOPiv,X-Phos,BuOAc,0.057,105,69.26
CsOAc,BrettPhos,BuOAc,0.057,105,27.71
CsOAc,PPhtBu2,BuOAc,0.057,105,0
CsOAc,tBPh-CPhos,BuOAc,0.057,105,10.39
CsOAc,PCy3 HBF4,BuOAc,0.057,105,0
CsOAc,PPh3,BuOAc,0.057,105,2.72
CsOAc,X-Phos,BuOAc,0.057,105,80.77
CsOPiv,BrettPhos,BuOAc,0.057,105,49.23
CsOPiv,PPhtBu2,BuOAc,0.057,105,0
CsOPiv,tBPh-CPhos,BuOAc,0.057,105,11.3
CsOPiv,PCy3 HBF4,BuOAc,0.057,105,0
CsOPiv,PPh3,BuOAc,0.057,105,0.58
CsOPiv,X-Phos,BuOAc,0.057,105,5.4
KOAc,BrettPhos,p-Xylene,0.057,105,13.19
KOAc,PPhtBu2,p-Xylene,0.057,105,0
KOAc,tBPh-CPhos,p-Xylene,0.057,105,6.45
KOAc,PCy3 HBF4,p-Xylene,0.057,105,0
KOAc,PPh3,p-Xylene,0.057,105,1.16
KOAc,X-Phos,p-Xylene,0.057,105,13.41
KOPiv,BrettPhos,p-Xylene,0.057,105,29.85
KOPiv,PPhtBu2,p-Xylene,0.057,105,0
KOPiv,tBPh-CPhos,p-Xylene,0.057,105,21.43
KOPiv,PCy3 HBF4,p-Xylene,0.057,105,0
KOPiv,PPh3,p-Xylene,0.057,105,0.48
KOPiv,X-Phos,p-Xylene,0.057,105,26.12
CsOAc,BrettPhos,p-Xylene,0.057,105,36.14
CsOAc,PPhtBu2,p-Xylene,0.057,105,0
CsOAc,tBPh-CPhos,p-Xylene,0.057,105,14.43
CsOAc,PCy3 HBF4,p-Xylene,0.057,105,0
CsOAc,PPh3,p-Xylene,0.057,105,3.18
CsOAc,X-Phos,p-Xylene,0.057,105,54.41
CsOPiv,BrettPhos,p-Xylene,0.057,105,23.53
CsOPiv,PPhtBu2,p-Xylene,0.057,105,0
CsOPiv,tBPh-CPhos,p-Xylene,0.057,105,23.1
CsOPiv,PCy3 HBF4,p-Xylene,0.057,105,0
CsOPiv,PPh3,p-Xylene,0.057,105,0.44
CsOPiv,X-Phos,p-Xylene,0.057,105,39.81
KOAc,BrettPhos,DMAc,0.057,120,3.14
KOAc,PPhtBu2,DMAc,0.057,120,2.13
KOAc,tBPh-CPhos,DMAc,0.057,120,88.89
KOAc,PCy3 HBF4,DMAc,0.057,120,18.38
KOAc,PPh3,DMAc,0.057,120,45.85
KOAc,X-Phos,DMAc,0.057,120,77.58
KOPiv,BrettPhos,DMAc,0.057,120,0
KOPiv,PPhtBu2,DMAc,0.057,120,2.82
KOPiv,tBPh-CPhos,DMAc,0.057,120,55.96
KOPiv,PCy3 HBF4,DMAc,0.057,120,29.51
KOPiv,PPh3,DMAc,0.057,120,91.27
KOPiv,X-Phos,DMAc,0.057,120,62.07
CsOAc,BrettPhos,DMAc,0.057,120,1.68
CsOAc,PPhtBu2,DMAc,0.057,120,1.62
CsOAc,tBPh-CPhos,DMAc,0.057,120,66.84
CsOAc,PCy3 HBF4,DMAc,0.057,120,35.61
CsOAc,PPh3,DMAc,0.057,120,89.71
CsOAc,X-Phos,DMAc,0.057,120,88.41
CsOPiv,BrettPhos,DMAc,0.057,120,0
CsOPiv,PPhtBu2,DMAc,0.057,120,0
CsOPiv,tBPh-CPhos,DMAc,0.057,120,14.24
CsOPiv,PCy3 HBF4,DMAc,0.057,120,26.22
CsOPiv,PPh3,DMAc,0.057,120,84.64
CsOPiv,X-Phos,DMAc,0.057,120,38.48
KOAc,BrettPhos,BuCN,0.057,120,17
KOAc,PPhtBu2,BuCN,0.057,120,0
KOAc,tBPh-CPhos,BuCN,0.057,120,8.52
KOAc,PCy3 HBF4,BuCN,0.057,120,0.89
KOAc,PPh3,BuCN,0.057,120,11.5
KOAc,X-Phos,BuCN,0.057,120,43.22
KOPiv,BrettPhos,BuCN,0.057,120,50.55
KOPiv,PPhtBu2,BuCN,0.057,120,0
KOPiv,tBPh-CPhos,BuCN,0.057,120,6.2
KOPiv,PCy3 HBF4,BuCN,0.057,120,3.25
KOPiv,PPh3,BuCN,0.057,120,12.19
KOPiv,X-Phos,BuCN,0.057,120,27.8
CsOAc,BrettPhos,BuCN,0.057,120,54.26
CsOAc,PPhtBu2,BuCN,0.057,120,0
CsOAc,tBPh-CPhos,BuCN,0.057,120,7.42
CsOAc,PCy3 HBF4,BuCN,0.057,120,3.04
CsOAc,PPh3,BuCN,0.057,120,11.19
CsOAc,X-Phos,BuCN,0.057,120,72.21
CsOPiv,BrettPhos,BuCN,0.057,120,42.63
CsOPiv,PPhtBu2,BuCN,0.057,120,0
CsOPiv,tBPh-CPhos,BuCN,0.057,120,5.24
CsOPiv,PCy3 HBF4,BuCN,0.057,120,4.78
CsOPiv,PPh3,BuCN,0.057,120,9.46
CsOPiv,X-Phos,BuCN,0.057,120,31.51
KOAc,BrettPhos,BuOAc,0.057,120,27.16
KOAc,PPhtBu2,BuOAc,0.057,120,0
KOAc,tBPh-CPhos,BuOAc,0.057,120,6.22
KOAc,PCy3 HBF4,BuOAc,0.057,120,0
KOAc,PPh3,BuOAc,0.057,120,5.67
KOAc,X-Phos,BuOAc,0.057,120,61.86
KOPiv,BrettPhos,BuOAc,0.057,120,66.9
KOPiv,PPhtBu2,BuOAc,0.057,120,0
KOPiv,tBPh-CPhos,BuOAc,0.057,120,3.88
KOPiv,PCy3 HBF4,BuOAc,0.057,120,0
KOPiv,PPh3,BuOAc,0.057,120,3.07
KOPiv,X-Phos,BuOAc,0.057,120,21.74
CsOAc,BrettPhos,BuOAc,0.057,120,30.02
CsOAc,PPhtBu2,BuOAc,0.057,120,0
CsOAc,tBPh-CPhos,BuOAc,0.057,120,4.85
CsOAc,PCy3 HBF4,BuOAc,0.057,120,0
CsOAc,PPh3,BuOAc,0.057,120,3.51
CsOAc,X-Phos,BuOAc,0.057,120,7.02
CsOPiv,BrettPhos,BuOAc,0.057,120,33.65
CsOPiv,PPhtBu2,BuOAc,0.057,120,0
CsOPiv,tBPh-CPhos,BuOAc,0.057,120,8.24
CsOPiv,PCy3 HBF4,BuOAc,0.057,120,0
CsOPiv,PPh3,BuOAc,0.057,120,2.35
CsOPiv,X-Phos,BuOAc,0.057,120,22.87
KOAc,BrettPhos,p-Xylene,0.057,120,8.69
KOAc,PPhtBu2,p-Xylene,0.057,120,0
KOAc,tBPh-CPhos,p-Xylene,0.057,120,0.15
KOAc,PCy3 HBF4,p-Xylene,0.057,120,0
KOAc,PPh3,p-Xylene,0.057,120,2.59
KOAc,X-Phos,p-Xylene,0.057,120,45.62
KOPiv,BrettPhos,p-Xylene,0.057,120,43.05
KOPiv,PPhtBu2,p-Xylene,0.057,120,0
KOPiv,tBPh-CPhos,p-Xylene,0.057,120,18.22
KOPiv,PCy3 HBF4,p-Xylene,0.057,120,0
KOPiv,PPh3,p-Xylene,0.057,120,2.44
KOPiv,X-Phos,p-Xylene,0.057,120,26.97
CsOAc,BrettPhos,p-Xylene,0.057,120,38.44
CsOAc,PPhtBu2,p-Xylene,0.057,120,0
CsOAc,tBPh-CPhos,p-Xylene,0.057,120,15.98
CsOAc,PCy3 HBF4,p-Xylene,0.057,120,0
CsOAc,PPh3,p-Xylene,0.057,120,6.18
CsOAc,X-Phos,p-Xylene,0.057,120,54.52
CsOPiv,BrettPhos,p-Xylene,0.057,120,26.52
CsOPiv,PPhtBu2,p-Xylene,0.057,120,0
CsOPiv,tBPh-CPhos,p-Xylene,0.057,120,20.07
CsOPiv,PCy3 HBF4,p-Xylene,0.057,120,0
CsOPiv,PPh3,p-Xylene,0.057,120,1.76
CsOPiv,X-Phos,p-Xylene,0.057,120,39.32
KOAc,BrettPhos,DMAc,0.153,90,5.75
KOAc,PPhtBu2,DMAc,0.153,90,0
KOAc,tBPh-CPhos,DMAc,0.153,90,37.38
KOAc,PCy3 HBF4,DMAc,0.153,90,0.41
KOAc,PPh3,DMAc,0.153,90,11.68
KOAc,X-Phos,DMAc,0.153,90,38.79
KOPiv,BrettPhos,DMAc,0.153,90,0.66
KOPiv,PPhtBu2,DMAc,0.153,90,0
KOPiv,tBPh-CPhos,DMAc,0.153,90,8.5
KOPiv,PCy3 HBF4,DMAc,0.153,90,2.52
KOPiv,PPh3,DMAc,0.153,90,38.79
KOPiv,X-Phos,DMAc,0.153,90,60.68
CsOAc,BrettPhos,DMAc,0.153,90,6.26
CsOAc,PPhtBu2,DMAc,0.153,90,0
CsOAc,tBPh-CPhos,DMAc,0.153,90,12.44
CsOAc,PCy3 HBF4,DMAc,0.153,90,2.53
CsOAc,PPh3,DMAc,0.153,90,31.85
CsOAc,X-Phos,DMAc,0.153,90,86.14
CsOPiv,BrettPhos,DMAc,0.153,90,0
CsOPiv,PPhtBu2,DMAc,0.153,90,0
CsOPiv,tBPh-CPhos,DMAc,0.153,90,3.55
CsOPiv,PCy3 HBF4,DMAc,0.153,90,2.53
CsOPiv,PPh3,DMAc,0.153,90,28.53
CsOPiv,X-Phos,DMAc,0.153,90,27.79
KOAc,BrettPhos,BuCN,0.153,90,12.07
KOAc,PPhtBu2,BuCN,0.153,90,0
KOAc,tBPh-CPhos,BuCN,0.153,90,4.97
KOAc,PCy3 HBF4,BuCN,0.153,90,0
KOAc,PPh3,BuCN,0.153,90,2.66
KOAc,X-Phos,BuCN,0.153,90,32.5
KOPiv,BrettPhos,BuCN,0.153,90,13.31
KOPiv,PPhtBu2,BuCN,0.153,90,0
KOPiv,tBPh-CPhos,BuCN,0.153,90,5.65
KOPiv,PCy3 HBF4,BuCN,0.153,90,0
KOPiv,PPh3,BuCN,0.153,90,0.85
KOPiv,X-Phos,BuCN,0.153,90,33.95
CsOAc,BrettPhos,BuCN,0.153,90,28.02
CsOAc,PPhtBu2,BuCN,0.153,90,0
CsOAc,tBPh-CPhos,BuCN,0.153,90,0
CsOAc,PCy3 HBF4,BuCN,0.153,90,0
CsOAc,PPh3,BuCN,0.153,90,0
CsOAc,X-Phos,BuCN,0.153,90,0
CsOPiv,BrettPhos,BuCN,0.153,90,54.55
CsOPiv,PPhtBu2,BuCN,0.153,90,0
CsOPiv,tBPh-CPhos,BuCN,0.153,90,8.95
CsOPiv,PCy3 HBF4,BuCN,0.153,90,0
CsOPiv,PPh3,BuCN,0.153,90,2.53
CsOPiv,X-Phos,BuCN,0.153,90,75.4
KOAc,BrettPhos,BuOAc,0.153,90,15.36
KOAc,PPhtBu2,BuOAc,0.153,90,0
KOAc,tBPh-CPhos,BuOAc,0.153,90,3.68
KOAc,PCy3 HBF4,BuOAc,0.153,90,0
KOAc,PPh3,BuOAc,0.153,90,1.39
KOAc,X-Phos,BuOAc,0.153,90,25.35
KOPiv,BrettPhos,BuOAc,0.153,90,42.48
KOPiv,PPhtBu2,BuOAc,0.153,90,0
KOPiv,tBPh-CPhos,BuOAc,0.153,90,11.24
KOPiv,PCy3 HBF4,BuOAc,0.153,90,0
KOPiv,PPh3,BuOAc,0.153,90,2.58
KOPiv,X-Phos,BuOAc,0.153,90,32.68
CsOAc,BrettPhos,BuOAc,0.153,90,17.16
CsOAc,PPhtBu2,BuOAc,0.153,90,0
CsOAc,tBPh-CPhos,BuOAc,0.153,90,7.74
CsOAc,PCy3 HBF4,BuOAc,0.153,90,0
CsOAc,PPh3,BuOAc,0.153,90,0.81
CsOAc,X-Phos,BuOAc,0.153,90,82.21
CsOPiv,BrettPhos,BuOAc,0.153,90,21.5
CsOPiv,PPhtBu2,BuOAc,0.153,90,0
CsOPiv,tBPh-CPhos,BuOAc,0.153,90,8.72
CsOPiv,PCy3 HBF4,BuOAc,0.153,90,0
CsOPiv,PPh3,BuOAc,0.153,90,0.6
CsOPiv,X-Phos,BuOAc,0.153,90,46.57
KOAc,BrettPhos,p-Xylene,0.153,90,13.85
KOAc,PPhtBu2,p-Xylene,0.153,90,0
KOAc,tBPh-CPhos,p-Xylene,0.153,90,9.79
KOAc,PCy3 HBF4,p-Xylene,0.153,90,0
KOAc,PPh3,p-Xylene,0.153,90,0.78
KOAc,X-Phos,p-Xylene,0.153,90,28.36
KOPiv,BrettPhos,p-Xylene,0.153,90,38.45
KOPiv,PPhtBu2,p-Xylene,0.153,90,0
KOPiv,tBPh-CPhos,p-Xylene,0.153,90,24.02
KOPiv,PCy3 HBF4,p-Xylene,0.153,90,0
KOPiv,PPh3,p-Xylene,0.153,90,1.58
KOPiv,X-Phos,p-Xylene,0.153,90,31.55
CsOAc,BrettPhos,p-Xylene,0.153,90,41.03
CsOAc,PPhtBu2,p-Xylene,0.153,90,0
CsOAc,tBPh-CPhos,p-Xylene,0.153,90,17.53
CsOAc,PCy3 HBF4,p-Xylene,0.153,90,0
CsOAc,PPh3,p-Xylene,0.153,90,5.38
CsOAc,X-Phos,p-Xylene,0.153,90,66.03
CsOPiv,BrettPhos,p-Xylene,0.153,90,23.57
CsOPiv,PPhtBu2,p-Xylene,0.153,90,0
CsOPiv,tBPh-CPhos,p-Xylene,0.153,90,25.67
CsOPiv,PCy3 HBF4,p-Xylene,0.153,90,0
CsOPiv,PPh3,p-Xylene,0.153,90,0.25
CsOPiv,X-Phos,p-Xylene,0.153,90,44.28
KOAc,BrettPhos,DMAc,0.153,105,5.49
KOAc,PPhtBu2,DMAc,0.153,105,0
KOAc,tBPh-CPhos,DMAc,0.153,105,57.33
KOAc,PCy3 HBF4,DMAc,0.153,105,5.25
KOAc,PPh3,DMAc,0.153,105,30.44
KOAc,X-Phos,DMAc,0.153,105,48.86
KOPiv,BrettPhos,DMAc,0.153,105,0.74
KOPiv,PPhtBu2,DMAc,0.153,105,0
KOPiv,tBPh-CPhos,DMAc,0.153,105,24.8
KOPiv,PCy3 HBF4,DMAc,0.153,105,12.78
KOPiv,PPh3,DMAc,0.153,105,71.11
KOPiv,X-Phos,DMAc,0.153,105,82.28
CsOAc,BrettPhos,DMAc,0.153,105,7.34
CsOAc,PPhtBu2,DMAc,0.153,105,0
CsOAc,tBPh-CPhos,DMAc,0.153,105,20.73
CsOAc,PCy3 HBF4,DMAc,0.153,105,10.25
CsOAc,PPh3,DMAc,0.153,105,66.27
CsOAc,X-Phos,DMAc,0.153,105,84.48
CsOPiv,BrettPhos,DMAc,0.153,105,0
CsOPiv,PPhtBu2,DMAc,0.153,105,0
CsOPiv,tBPh-CPhos,DMAc,0.153,105,6.54
CsOPiv,PCy3 HBF4,DMAc,0.153,105,9.07
CsOPiv,PPh3,DMAc,0.153,105,45.28
CsOPiv,X-Phos,DMAc,0.153,105,40.06
KOAc,BrettPhos,BuCN,0.153,105,22.3
KOAc,PPhtBu2,BuCN,0.153,105,0
KOAc,tBPh-CPhos,BuCN,0.153,105,6.88
KOAc,PCy3 HBF4,BuCN,0.153,105,0
KOAc,PPh3,BuCN,0.153,105,6.67
KOAc,X-Phos,BuCN,0.153,105,75.39
KOPiv,BrettPhos,BuCN,0.153,105,58.95
KOPiv,PPhtBu2,BuCN,0.153,105,0
KOPiv,tBPh-CPhos,BuCN,0.153,105,10.05
KOPiv,PCy3 HBF4,BuCN,0.153,105,1.37
KOPiv,PPh3,BuCN,0.153,105,7.88
KOPiv,X-Phos,BuCN,0.153,105,73.33
CsOAc,BrettPhos,BuCN,0.153,105,73.08
CsOAc,PPhtBu2,BuCN,0.153,105,0
CsOAc,tBPh-CPhos,BuCN,0.153,105,6.4
CsOAc,PCy3 HBF4,BuCN,0.153,105,2.15
CsOAc,PPh3,BuCN,0.153,105,5.55
CsOAc,X-Phos,BuCN,0.153,105,84.62
CsOPiv,BrettPhos,BuCN,0.153,105,56.5
CsOPiv,PPhtBu2,BuCN,0.153,105,0
CsOPiv,tBPh-CPhos,BuCN,0.153,105,8.84
CsOPiv,PCy3 HBF4,BuCN,0.153,105,2.01
CsOPiv,PPh3,BuCN,0.153,105,4.1
CsOPiv,X-Phos,BuCN,0.153,105,79.76
KOAc,BrettPhos,BuOAc,0.153,105,17.26
KOAc,PPhtBu2,BuOAc,0.153,105,0
KOAc,tBPh-CPhos,BuOAc,0.153,105,0
KOAc,PCy3 HBF4,BuOAc,0.153,105,0
KOAc,PPh3,BuOAc,0.153,105,4.51
KOAc,X-Phos,BuOAc,0.153,105,53.49
KOPiv,BrettPhos,BuOAc,0.153,105,33.97
KOPiv,PPhtBu2,BuOAc,0.153,105,0
KOPiv,tBPh-CPhos,BuOAc,0.153,105,0
KOPiv,PCy3 HBF4,BuOAc,0.153,105,0
KOPiv,PPh3,BuOAc,0.153,105,2.95
KOPiv,X-Phos,BuOAc,0.153,105,44.48
CsOAc,BrettPhos,BuOAc,0.153,105,20.35
CsOAc,PPhtBu2,BuOAc,0.153,105,0
CsOAc,tBPh-CPhos,BuOAc,0.153,105,0
CsOAc,PCy3 HBF4,BuOAc,0.153,105,0
CsOAc,PPh3,BuOAc,0.153,105,4.2
CsOAc,X-Phos,BuOAc,0.153,105,81.66
CsOPiv,BrettPhos,BuOAc,0.153,105,24.56
CsOPiv,PPhtBu2,BuOAc,0.153,105,0
CsOPiv,tBPh-CPhos,BuOAc,0.153,105,0
CsOPiv,PCy3 HBF4,BuOAc,0.153,105,0
CsOPiv,PPh3,BuOAc,0.153,105,1.94
CsOPiv,X-Phos,BuOAc,0.153,105,5.53
KOAc,BrettPhos,p-Xylene,0.153,105,16.87
KOAc,PPhtBu2,p-Xylene,0.153,105,0
KOAc,tBPh-CPhos,p-Xylene,0.153,105,8.3
KOAc,PCy3 HBF4,p-Xylene,0.153,105,0
KOAc,PPh3,p-Xylene,0.153,105,3.57
KOAc,X-Phos,p-Xylene,0.153,105,39.32
KOPiv,BrettPhos,p-Xylene,0.153,105,40.76
KOPiv,PPhtBu2,p-Xylene,0.153,105,0
KOPiv,tBPh-CPhos,p-Xylene,0.153,105,47.33
KOPiv,PCy3 HBF4,p-Xylene,0.153,105,0
KOPiv,PPh3,p-Xylene,0.153,105,6.42
KOPiv,X-Phos,p-Xylene,0.153,105,34.45
CsOAc,BrettPhos,p-Xylene,0.153,105,44.16
CsOAc,PPhtBu2,p-Xylene,0.153,105,0
CsOAc,tBPh-CPhos,p-Xylene,0.153,105,20.31
CsOAc,PCy3 HBF4,p-Xylene,0.153,105,0.28
CsOAc,PPh3,p-Xylene,0.153,105,13.71
CsOAc,X-Phos,p-Xylene,0.153,105,76.63
CsOPiv,BrettPhos,p-Xylene,0.153,105,24.76
CsOPiv,PPhtBu2,p-Xylene,0.153,105,0
CsOPiv,tBPh-CPhos,p-Xylene,0.153,105,29.56
CsOPiv,PCy3 HBF4,p-Xylene,0.153,105,0
CsOPiv,PPh3,p-Xylene,0.153,105,2.11
CsOPiv,X-Phos,p-Xylene,0.153,105,73.93
KOAc,BrettPhos,DMAc,0.153,120,5.95
KOAc,PPhtBu2,DMAc,0.153,120,4.3
KOAc,tBPh-CPhos,DMAc,0.153,120,76.59
KOAc,PCy3 HBF4,DMAc,0.153,120,11.91
KOAc,PPh3,DMAc,0.153,120,51.83
KOAc,X-Phos,DMAc,0.153,120,84.67
KOPiv,BrettPhos,DMAc,0.153,120,0.89
KOPiv,PPhtBu2,DMAc,0.153,120,0
KOPiv,tBPh-CPhos,DMAc,0.153,120,45.01
KOPiv,PCy3 HBF4,DMAc,0.153,120,24.11
KOPiv,PPh3,DMAc,0.153,120,79.1
KOPiv,X-Phos,DMAc,0.153,120,80.39
CsOAc,BrettPhos,DMAc,0.153,120,7.43
CsOAc,PPhtBu2,DMAc,0.153,120,0.51
CsOAc,tBPh-CPhos,DMAc,0.153,120,32.21
CsOAc,PCy3 HBF4,DMAc,0.153,120,18.61
CsOAc,PPh3,DMAc,0.153,120,78.19
CsOAc,X-Phos,DMAc,0.153,120,84.49
CsOPiv,BrettPhos,DMAc,0.153,120,0
CsOPiv,PPhtBu2,DMAc,0.153,120,0
CsOPiv,tBPh-CPhos,DMAc,0.153,120,9.96
CsOPiv,PCy3 HBF4,DMAc,0.153,120,13.88
CsOPiv,PPh3,DMAc,0.153,120,58.4
CsOPiv,X-Phos,DMAc,0.153,120,48.34
KOAc,BrettPhos,BuCN,0.153,120,25.77
KOAc,PPhtBu2,BuCN,0.153,120,0
KOAc,tBPh-CPhos,BuCN,0.153,120,7.65
KOAc,PCy3 HBF4,BuCN,0.153,120,0.74
KOAc,PPh3,BuCN,0.153,120,12.34
KOAc,X-Phos,BuCN,0.153,120,78.6
KOPiv,BrettPhos,BuCN,0.153,120,58.48
KOPiv,PPhtBu2,BuCN,0.153,120,0
KOPiv,tBPh-CPhos,BuCN,0.153,120,9.61
KOPiv,PCy3 HBF4,BuCN,0.153,120,2.77
KOPiv,PPh3,BuCN,0.153,120,15.64
KOPiv,X-Phos,BuCN,0.153,120,71.43
CsOAc,BrettPhos,BuCN,0.153,120,69.03
CsOAc,PPhtBu2,BuCN,0.153,120,0
CsOAc,tBPh-CPhos,BuCN,0.153,120,8.82
CsOAc,PCy3 HBF4,BuCN,0.153,120,1.89
CsOAc,PPh3,BuCN,0.153,120,19.64
CsOAc,X-Phos,BuCN,0.153,120,77.01
CsOPiv,BrettPhos,BuCN,0.153,120,53.81
CsOPiv,PPhtBu2,BuCN,0.153,120,0
CsOPiv,tBPh-CPhos,BuCN,0.153,120,7.54
CsOPiv,PCy3 HBF4,BuCN,0.153,120,3.33
CsOPiv,PPh3,BuCN,0.153,120,6.1
CsOPiv,X-Phos,BuCN,0.153,120,78.44
KOAc,BrettPhos,BuOAc,0.153,120,18.26
KOAc,PPhtBu2,BuOAc,0.153,120,0
KOAc,tBPh-CPhos,BuOAc,0.153,120,0
KOAc,PCy3 HBF4,BuOAc,0.153,120,0
KOAc,PPh3,BuOAc,0.153,120,4.86
KOAc,X-Phos,BuOAc,0.153,120,76.24
KOPiv,BrettPhos,BuOAc,0.153,120,36.18
KOPiv,PPhtBu2,BuOAc,0.153,120,0
KOPiv,tBPh-CPhos,BuOAc,0.153,120,14.01
KOPiv,PCy3 HBF4,BuOAc,0.153,120,0
KOPiv,PPh3,BuOAc,0.153,120,4.33
KOPiv,X-Phos,BuOAc,0.153,120,48.91
CsOAc,BrettPhos,BuOAc,0.153,120,20.6
CsOAc,PPhtBu2,BuOAc,0.153,120,0
CsOAc,tBPh-CPhos,BuOAc,0.153,120,0
CsOAc,PCy3 HBF4,BuOAc,0.153,120,0
CsOAc,PPh3,BuOAc,0.153,120,14.26
CsOAc,X-Phos,BuOAc,0.153,120,6.23
CsOPiv,BrettPhos,BuOAc,0.153,120,25.67
CsOPiv,PPhtBu2,BuOAc,0.153,120,0
CsOPiv,tBPh-CPhos,BuOAc,0.153,120,0
CsOPiv,PCy3 HBF4,BuOAc,0.153,120,0
CsOPiv,PPh3,BuOAc,0.153,120,2.81
CsOPiv,X-Phos,BuOAc,0.153,120,59.05
KOAc,BrettPhos,p-Xylene,0.153,120,18.89
KOAc,PPhtBu2,p-Xylene,0.153,120,0
KOAc,tBPh-CPhos,p-Xylene,0.153,120,8.61
KOAc,PCy3 HBF4,p-Xylene,0.153,120,0
KOAc,PPh3,p-Xylene,0.153,120,5.22
KOAc,X-Phos,p-Xylene,0.153,120,61.67
KOPiv,BrettPhos,p-Xylene,0.153,120,49.57
KOPiv,PPhtBu2,p-Xylene,0.153,120,0
KOPiv,tBPh-CPhos,p-Xylene,0.153,120,29.39
KOPiv,PCy3 HBF4,p-Xylene,0.153,120,0
KOPiv,PPh3,p-Xylene,0.153,120,7.54
KOPiv,X-Phos,p-Xylene,0.153,120,62.15
CsOAc,BrettPhos,p-Xylene,0.153,120,43.9
CsOAc,PPhtBu2,p-Xylene,0.153,120,0
CsOAc,tBPh-CPhos,p-Xylene,0.153,120,22.08
CsOAc,PCy3 HBF4,p-Xylene,0.153,120,1.12
CsOAc,PPh3,p-Xylene,0.153,120,11.83
CsOAc,X-Phos,p-Xylene,0.153,120,70.8
CsOPiv,BrettPhos,p-Xylene,0.153,120,26.29
CsOPiv,PPhtBu2,p-Xylene,0.153,120,0
CsOPiv,tBPh-CPhos,p-Xylene,0.153,120,29.96
CsOPiv,PCy3 HBF4,p-Xylene,0.153,120,0.83
CsOPiv,PPh3,p-Xylene,0.153,120,4.26
CsOPiv,X-Phos,p-Xylene,0.153,120,68.31
KOAc,P(fur)3,DMAc,0.1,90,9.59
KOAc,PPh2Me,DMAc,0.1,90,1.06
KOAc,GorlosPhos HBF4,DMAc,0.1,90,4.85
KOAc,JackiePhos,DMAc,0.1,90,45.87
KOAc,CgMe-PPh,DMAc,0.1,90,13.19
KOAc,PPhMe2,DMAc,0.1,90,0
KOPiv,P(fur)3,DMAc,0.1,90,26.29
KOPiv,PPh2Me,DMAc,0.1,90,0
KOPiv,GorlosPhos HBF4,DMAc,0.1,90,10.34
KOPiv,JackiePhos,DMAc,0.1,90,3.51
KOPiv,CgMe-PPh,DMAc,0.1,90,55.7
KOPiv,PPhMe2,DMAc,0.1,90,0
CsOAc,P(fur)3,DMAc,0.1,90,17.98
CsOAc,PPh2Me,DMAc,0.1,90,0
CsOAc,GorlosPhos HBF4,DMAc,0.1,90,6.93
CsOAc,JackiePhos,DMAc,0.1,90,16.92
CsOAc,CgMe-PPh,DMAc,0.1,90,39.55
CsOAc,PPhMe2,DMAc,0.1,90,0
CsOPiv,P(fur)3,DMAc,0.1,90,21.46
CsOPiv,PPh2Me,DMAc,0.1,90,0
CsOPiv,GorlosPhos HBF4,DMAc,0.1,90,13.78
CsOPiv,JackiePhos,DMAc,0.1,90,1.26
CsOPiv,CgMe-PPh,DMAc,0.1,90,75.28
CsOPiv,PPhMe2,DMAc,0.1,90,0
KOAc,P(fur)3,BuCN,0.1,90,2.55
KOAc,PPh2Me,BuCN,0.1,90,0
KOAc,GorlosPhos HBF4,BuCN,0.1,90,3.89
KOAc,JackiePhos,BuCN,0.1,90,19.97
KOAc,CgMe-PPh,BuCN,0.1,90,16.04
KOAc,PPhMe2,BuCN,0.1,90,0
KOPiv,P(fur)3,BuCN,0.1,90,26.88
KOPiv,PPh2Me,BuCN,0.1,90,0
KOPiv,GorlosPhos HBF4,BuCN,0.1,90,0
KOPiv,JackiePhos,BuCN,0.1,90,0
KOPiv,CgMe-PPh,BuCN,0.1,90,57.18
KOPiv,PPhMe2,BuCN,0.1,90,0
CsOAc,P(fur)3,BuCN,0.1,90,26.28
CsOAc,PPh2Me,BuCN,0.1,90,0
CsOAc,GorlosPhos HBF4,BuCN,0.1,90,18.59
CsOAc,JackiePhos,BuCN,0.1,90,32.14
CsOAc,CgMe-PPh,BuCN,0.1,90,57.95
CsOAc,PPhMe2,BuCN,0.1,90,0
CsOPiv,P(fur)3,BuCN,0.1,90,31.38
CsOPiv,PPh2Me,BuCN,0.1,90,0
CsOPiv,GorlosPhos HBF4,BuCN,0.1,90,24.25
CsOPiv,JackiePhos,BuCN,0.1,90,13.01
CsOPiv,CgMe-PPh,BuCN,0.1,90,37.4
CsOPiv,PPhMe2,BuCN,0.1,90,0
KOAc,P(fur)3,BuOAc,0.1,90,5.5
KOAc,PPh2Me,BuOAc,0.1,90,0
KOAc,GorlosPhos HBF4,BuOAc,0.1,90,0.79
KOAc,JackiePhos,BuOAc,0.1,90,4.43
KOAc,CgMe-PPh,BuOAc,0.1,90,14.83
KOAc,PPhMe2,BuOAc,0.1,90,0
KOPiv,P(fur)3,BuOAc,0.1,90,25
KOPiv,PPh2Me,BuOAc,0.1,90,0
KOPiv,GorlosPhos HBF4,BuOAc,0.1,90,8.16
KOPiv,JackiePhos,BuOAc,0.1,90,0
KOPiv,CgMe-PPh,BuOAc,0.1,90,21.51
KOPiv,PPhMe2,BuOAc,0.1,90,0
CsOAc,P(fur)3,BuOAc,0.1,90,16.28
CsOAc,PPh2Me,BuOAc,0.1,90,0
CsOAc,GorlosPhos HBF4,BuOAc,0.1,90,2.67
CsOAc,JackiePhos,BuOAc,0.1,90,2.69
CsOAc,CgMe-PPh,BuOAc,0.1,90,24.59
CsOAc,PPhMe2,BuOAc,0.1,90,0
CsOPiv,P(fur)3,BuOAc,0.1,90,14.58
CsOPiv,PPh2Me,BuOAc,0.1,90,0
CsOPiv,GorlosPhos HBF4,BuOAc,0.1,90,8.88
CsOPiv,JackiePhos,BuOAc,0.1,90,2.21
CsOPiv,CgMe-PPh,BuOAc,0.1,90,17.93
CsOPiv,PPhMe2,BuOAc,0.1,90,0
KOAc,P(fur)3,p-Xylene,0.1,90,3.63
KOAc,PPh2Me,p-Xylene,0.1,90,0
KOAc,GorlosPhos HBF4,p-Xylene,0.1,90,0.7
KOAc,JackiePhos,p-Xylene,0.1,90,4.95
KOAc,CgMe-PPh,p-Xylene,0.1,90,11.95
KOAc,PPhMe2,p-Xylene,0.1,90,0
KOPiv,P(fur)3,p-Xylene,0.1,90,20.46
KOPiv,PPh2Me,p-Xylene,0.1,90,0
KOPiv,GorlosPhos HBF4,p-Xylene,0.1,90,4.73
KOPiv,JackiePhos,p-Xylene,0.1,90,8.98
KOPiv,CgMe-PPh,p-Xylene,0.1,90,18.9
KOPiv,PPhMe2,p-Xylene,0.1,90,0
CsOAc,P(fur)3,p-Xylene,0.1,90,20.22
CsOAc,PPh2Me,p-Xylene,0.1,90,0
CsOAc,GorlosPhos HBF4,p-Xylene,0.1,90,3.17
CsOAc,JackiePhos,p-Xylene,0.1,90,5.5
CsOAc,CgMe-PPh,p-Xylene,0.1,90,23.05
CsOAc,PPhMe2,p-Xylene,0.1,90,0
CsOPiv,P(fur)3,p-Xylene,0.1,90,9.6
CsOPiv,PPh2Me,p-Xylene,0.1,90,0
CsOPiv,GorlosPhos HBF4,p-Xylene,0.1,90,2.99
CsOPiv,JackiePhos,p-Xylene,0.1,90,7.8
CsOPiv,CgMe-PPh,p-Xylene,0.1,90,8.21
CsOPiv,PPhMe2,p-Xylene,0.1,90,0
KOAc,P(fur)3,DMAc,0.1,105,41.9
KOAc,PPh2Me,DMAc,0.1,105,8.23
KOAc,GorlosPhos HBF4,DMAc,0.1,105,13.11
KOAc,JackiePhos,DMAc,0.1,105,75.22
KOAc,CgMe-PPh,DMAc,0.1,105,80.38
KOAc,PPhMe2,DMAc,0.1,105,0
KOPiv,P(fur)3,DMAc,0.1,105,73.59
KOPiv,PPh2Me,DMAc,0.1,105,8.85
KOPiv,GorlosPhos HBF4,DMAc,0.1,105,38.15
KOPiv,JackiePhos,DMAc,0.1,105,50.54
KOPiv,CgMe-PPh,DMAc,0.1,105,89.76
KOPiv,PPhMe2,DMAc,0.1,105,0
CsOAc,P(fur)3,DMAc,0.1,105,45.21
CsOAc,PPh2Me,DMAc,0.1,105,9.55
CsOAc,GorlosPhos HBF4,DMAc,0.1,105,19.97
CsOAc,JackiePhos,DMAc,0.1,105,41
CsOAc,CgMe-PPh,DMAc,0.1,105,83.25
CsOAc,PPhMe2,DMAc,0.1,105,0
CsOPiv,P(fur)3,DMAc,0.1,105,49.4
CsOPiv,PPh2Me,DMAc,0.1,105,4.3
CsOPiv,GorlosPhos HBF4,DMAc,0.1,105,40.43
CsOPiv,JackiePhos,DMAc,0.1,105,0
CsOPiv,CgMe-PPh,DMAc,0.1,105,91.11
CsOPiv,PPhMe2,DMAc,0.1,105,0
KOAc,P(fur)3,BuCN,0.1,105,9.1
KOAc,PPh2Me,BuCN,0.1,105,0
KOAc,GorlosPhos HBF4,BuCN,0.1,105,14.36
KOAc,JackiePhos,BuCN,0.1,105,19.82
KOAc,CgMe-PPh,BuCN,0.1,105,54.67
KOAc,PPhMe2,BuCN,0.1,105,0
KOPiv,P(fur)3,BuCN,0.1,105,46.99
KOPiv,PPh2Me,BuCN,0.1,105,0
KOPiv,GorlosPhos HBF4,BuCN,0.1,105,43.52
KOPiv,JackiePhos,BuCN,0.1,105,16.82
KOPiv,CgMe-PPh,BuCN,0.1,105,76.68
KOPiv,PPhMe2,BuCN,0.1,105,0
CsOAc,P(fur)3,BuCN,0.1,105,16.19
CsOAc,PPh2Me,BuCN,0.1,105,0
CsOAc,GorlosPhos HBF4,BuCN,0.1,105,33.34
CsOAc,JackiePhos,BuCN,0.1,105,26.69
CsOAc,CgMe-PPh,BuCN,0.1,105,82.33
CsOAc,PPhMe2,BuCN,0.1,105,0
CsOPiv,P(fur)3,BuCN,0.1,105,25.08
CsOPiv,PPh2Me,BuCN,0.1,105,0
CsOPiv,GorlosPhos HBF4,BuCN,0.1,105,39.42
CsOPiv,JackiePhos,BuCN,0.1,105,11.95
CsOPiv,CgMe-PPh,BuCN,0.1,105,65.69
CsOPiv,PPhMe2,BuCN,0.1,105,0
KOAc,P(fur)3,BuOAc,0.1,105,9.87
KOAc,PPh2Me,BuOAc,0.1,105,0
KOAc,GorlosPhos HBF4,BuOAc,0.1,105,2.85
KOAc,JackiePhos,BuOAc,0.1,105,7.74
KOAc,CgMe-PPh,BuOAc,0.1,105,41.35
KOAc,PPhMe2,BuOAc,0.1,105,0
KOPiv,P(fur)3,BuOAc,0.1,105,18.21
KOPiv,PPh2Me,BuOAc,0.1,105,0
KOPiv,GorlosPhos HBF4,BuOAc,0.1,105,20.21
KOPiv,JackiePhos,BuOAc,0.1,105,5.98
KOPiv,CgMe-PPh,BuOAc,0.1,105,36.23
KOPiv,PPhMe2,BuOAc,0.1,105,0
CsOAc,P(fur)3,BuOAc,0.1,105,15.72
CsOAc,PPh2Me,BuOAc,0.1,105,0
CsOAc,GorlosPhos HBF4,BuOAc,0.1,105,8.11
CsOAc,JackiePhos,BuOAc,0.1,105,3.08
CsOAc,CgMe-PPh,BuOAc,0.1,105,45.01
CsOAc,PPhMe2,BuOAc,0.1,105,0
CsOPiv,P(fur)3,BuOAc,0.1,105,14.51
CsOPiv,PPh2Me,BuOAc,0.1,105,0
CsOPiv,GorlosPhos HBF4,BuOAc,0.1,105,20.63
CsOPiv,JackiePhos,BuOAc,0.1,105,2.41
CsOPiv,CgMe-PPh,BuOAc,0.1,105,24
CsOPiv,PPhMe2,BuOAc,0.1,105,0
KOAc,P(fur)3,p-Xylene,0.1,105,8.45
KOAc,PPh2Me,p-Xylene,0.1,105,0
KOAc,GorlosPhos HBF4,p-Xylene,0.1,105,0.83
KOAc,JackiePhos,p-Xylene,0.1,105,5.36
KOAc,CgMe-PPh,p-Xylene,0.1,105,35.6
KOAc,PPhMe2,p-Xylene,0.1,105,0
KOPiv,P(fur)3,p-Xylene,0.1,105,19.32
KOPiv,PPh2Me,p-Xylene,0.1,105,0
KOPiv,GorlosPhos HBF4,p-Xylene,0.1,105,10.98
KOPiv,JackiePhos,p-Xylene,0.1,105,9.9
KOPiv,CgMe-PPh,p-Xylene,0.1,105,32.37
KOPiv,PPhMe2,p-Xylene,0.1,105,0
CsOAc,P(fur)3,p-Xylene,0.1,105,30.29
CsOAc,PPh2Me,p-Xylene,0.1,105,0
CsOAc,GorlosPhos HBF4,p-Xylene,0.1,105,14.97
CsOAc,JackiePhos,p-Xylene,0.1,105,7.15
CsOAc,CgMe-PPh,p-Xylene,0.1,105,68.35
CsOAc,PPhMe2,p-Xylene,0.1,105,0
CsOPiv,P(fur)3,p-Xylene,0.1,105,10.05
CsOPiv,PPh2Me,p-Xylene,0.1,105,0
CsOPiv,GorlosPhos HBF4,p-Xylene,0.1,105,9.89
CsOPiv,JackiePhos,p-Xylene,0.1,105,8.06
CsOPiv,CgMe-PPh,p-Xylene,0.1,105,16.46
CsOPiv,PPhMe2,p-Xylene,0.1,105,0
KOAc,P(fur)3,DMAc,0.1,120,60.48
KOAc,PPh2Me,DMAc,0.1,120,10.51
KOAc,GorlosPhos HBF4,DMAc,0.1,120,15.42
KOAc,JackiePhos,DMAc,0.1,120,75.12
KOAc,CgMe-PPh,DMAc,0.1,120,83.22
KOAc,PPhMe2,DMAc,0.1,120,3.59
KOPiv,P(fur)3,DMAc,0.1,120,76.02
KOPiv,PPh2Me,DMAc,0.1,120,30.15
KOPiv,GorlosPhos HBF4,DMAc,0.1,120,49.17
KOPiv,JackiePhos,DMAc,0.1,120,70.26
KOPiv,CgMe-PPh,DMAc,0.1,120,87.59
KOPiv,PPhMe2,DMAc,0.1,120,3.35
CsOAc,P(fur)3,DMAc,0.1,120,29.06
CsOAc,PPh2Me,DMAc,0.1,120,4.61
CsOAc,GorlosPhos HBF4,DMAc,0.1,120,26.78
CsOAc,JackiePhos,DMAc,0.1,120,67.63
CsOAc,CgMe-PPh,DMAc,0.1,120,81.63
CsOAc,PPhMe2,DMAc,0.1,120,19.02
CsOPiv,P(fur)3,DMAc,0.1,120,62.32
CsOPiv,PPh2Me,DMAc,0.1,120,3.7
CsOPiv,GorlosPhos HBF4,DMAc,0.1,120,45.17
CsOPiv,JackiePhos,DMAc,0.1,120,13.46
CsOPiv,CgMe-PPh,DMAc,0.1,120,83.85
CsOPiv,PPhMe2,DMAc,0.1,120,0
KOAc,P(fur)3,BuCN,0.1,120,13.89
KOAc,PPh2Me,BuCN,0.1,120,0
KOAc,GorlosPhos HBF4,BuCN,0.1,120,22.06
KOAc,JackiePhos,BuCN,0.1,120,20.08
KOAc,CgMe-PPh,BuCN,0.1,120,67.57
KOAc,PPhMe2,BuCN,0.1,120,0
KOPiv,P(fur)3,BuCN,0.1,120,40.02
KOPiv,PPh2Me,BuCN,0.1,120,0
KOPiv,GorlosPhos HBF4,BuCN,0.1,120,56.45
KOPiv,JackiePhos,BuCN,0.1,120,16.47
KOPiv,CgMe-PPh,BuCN,0.1,120,70.51
KOPiv,PPhMe2,BuCN,0.1,120,0
CsOAc,P(fur)3,BuCN,0.1,120,13.75
CsOAc,PPh2Me,BuCN,0.1,120,0
CsOAc,GorlosPhos HBF4,BuCN,0.1,120,40.61
CsOAc,JackiePhos,BuCN,0.1,120,23.5
CsOAc,CgMe-PPh,BuCN,0.1,120,88.82
CsOAc,PPhMe2,BuCN,0.1,120,0
CsOPiv,P(fur)3,BuCN,0.1,120,37.73
CsOPiv,PPh2Me,BuCN,0.1,120,0
CsOPiv,GorlosPhos HBF4,BuCN,0.1,120,48.15
CsOPiv,JackiePhos,BuCN,0.1,120,12.12
CsOPiv,CgMe-PPh,BuCN,0.1,120,71.57
CsOPiv,PPhMe2,BuCN,0.1,120,0
KOAc,P(fur)3,BuOAc,0.1,120,21.34
KOAc,PPh2Me,BuOAc,0.1,120,0
KOAc,GorlosPhos HBF4,BuOAc,0.1,120,11.31
KOAc,JackiePhos,BuOAc,0.1,120,7.82
KOAc,CgMe-PPh,BuOAc,0.1,120,51.37
KOAc,PPhMe2,BuOAc,0.1,120,0
KOPiv,P(fur)3,BuOAc,0.1,120,21
KOPiv,PPh2Me,BuOAc,0.1,120,0.31
KOPiv,GorlosPhos HBF4,BuOAc,0.1,120,35.43
KOPiv,JackiePhos,BuOAc,0.1,120,6.73
KOPiv,CgMe-PPh,BuOAc,0.1,120,42.62
KOPiv,PPhMe2,BuOAc,0.1,120,0
CsOAc,P(fur)3,BuOAc,0.1,120,14.73
CsOAc,PPh2Me,BuOAc,0.1,120,0
CsOAc,GorlosPhos HBF4,BuOAc,0.1,120,29.75
CsOAc,JackiePhos,BuOAc,0.1,120,4.06
CsOAc,CgMe-PPh,BuOAc,0.1,120,57.84
CsOAc,PPhMe2,BuOAc,0.1,120,0
CsOPiv,P(fur)3,BuOAc,0.1,120,15.21
CsOPiv,PPh2Me,BuOAc,0.1,120,0
CsOPiv,GorlosPhos HBF4,BuOAc,0.1,120,42.04
CsOPiv,JackiePhos,BuOAc,0.1,120,2.48
CsOPiv,CgMe-PPh,BuOAc,0.1,120,26.74
CsOPiv,PPhMe2,BuOAc,0.1,120,0
KOAc,P(fur)3,p-Xylene,0.1,120,9.72
KOAc,PPh2Me,p-Xylene,0.1,120,0
KOAc,GorlosPhos HBF4,p-Xylene,0.1,120,7.43
KOAc,JackiePhos,p-Xylene,0.1,120,7.03
KOAc,CgMe-PPh,p-Xylene,0.1,120,46.75
KOAc,PPhMe2,p-Xylene,0.1,120,0
KOPiv,P(fur)3,p-Xylene,0.1,120,16.71
KOPiv,PPh2Me,p-Xylene,0.1,120,0
KOPiv,GorlosPhos HBF4,p-Xylene,0.1,120,21.25
KOPiv,JackiePhos,p-Xylene,0.1,120,11.69
KOPiv,CgMe-PPh,p-Xylene,0.1,120,40.85
KOPiv,PPhMe2,p-Xylene,0.1,120,0
CsOAc,P(fur)3,p-Xylene,0.1,120,19.04
CsOAc,PPh2Me,p-Xylene,0.1,120,0
CsOAc,GorlosPhos HBF4,p-Xylene,0.1,120,21.42
CsOAc,JackiePhos,p-Xylene,0.1,120,8.31
CsOAc,CgMe-PPh,p-Xylene,0.1,120,62.73
CsOAc,PPhMe2,p-Xylene,0.1,120,0
CsOPiv,P(fur)3,p-Xylene,0.1,120,14.75
CsOPiv,PPh2Me,p-Xylene,0.1,120,0
CsOPiv,GorlosPhos HBF4,p-Xylene,0.1,120,9.03
CsOPiv,JackiePhos,p-Xylene,0.1,120,8.89
CsOPiv,CgMe-PPh,p-Xylene,0.1,120,20.03
CsOPiv,PPhMe2,p-Xylene,0.1,120,0
KOAc,P(fur)3,DMAc,0.057,90,14.53
KOAc,PPh2Me,DMAc,0.057,90,7.3
KOAc,GorlosPhos HBF4,DMAc,0.057,90,3.06
KOAc,JackiePhos,DMAc,0.057,90,72.24
KOAc,CgMe-PPh,DMAc,0.057,90,30.41
KOAc,PPhMe2,DMAc,0.057,90,0
KOPiv,P(fur)3,DMAc,0.057,90,26.56
KOPiv,PPh2Me,DMAc,0.057,90,5.02
KOPiv,GorlosPhos HBF4,DMAc,0.057,90,12.98
KOPiv,JackiePhos,DMAc,0.057,90,7.12
KOPiv,CgMe-PPh,DMAc,0.057,90,62.75
KOPiv,PPhMe2,DMAc,0.057,90,0
CsOAc,P(fur)3,DMAc,0.057,90,18.38
CsOAc,PPh2Me,DMAc,0.057,90,7.32
CsOAc,GorlosPhos HBF4,DMAc,0.057,90,5.38
CsOAc,JackiePhos,DMAc,0.057,90,40.47
CsOAc,CgMe-PPh,DMAc,0.057,90,38.8
CsOAc,PPhMe2,DMAc,0.057,90,0
CsOPiv,P(fur)3,DMAc,0.057,90,21.65
CsOPiv,PPh2Me,DMAc,0.057,90,3.43
CsOPiv,GorlosPhos HBF4,DMAc,0.057,90,11.07
CsOPiv,JackiePhos,DMAc,0.057,90,2.72
CsOPiv,CgMe-PPh,DMAc,0.057,90,65.32
CsOPiv,PPhMe2,DMAc,0.057,90,0
KOAc,P(fur)3,BuCN,0.057,90,2.62
KOAc,PPh2Me,BuCN,0.057,90,0
KOAc,GorlosPhos HBF4,BuCN,0.057,90,4.98
KOAc,JackiePhos,BuCN,0.057,90,20.5
KOAc,CgMe-PPh,BuCN,0.057,90,17.45
KOAc,PPhMe2,BuCN,0.057,90,0
KOPiv,P(fur)3,BuCN,0.057,90,37.93
KOPiv,PPh2Me,BuCN,0.057,90,0
KOPiv,GorlosPhos HBF4,BuCN,0.057,90,28.17
KOPiv,JackiePhos,BuCN,0.057,90,16.57
KOPiv,CgMe-PPh,BuCN,0.057,90,51.32
KOPiv,PPhMe2,BuCN,0.057,90,0
CsOAc,P(fur)3,BuCN,0.057,90,12.91
CsOAc,PPh2Me,BuCN,0.057,90,0
CsOAc,GorlosPhos HBF4,BuCN,0.057,90,21.15
CsOAc,JackiePhos,BuCN,0.057,90,23.51
CsOAc,CgMe-PPh,BuCN,0.057,90,57.85
CsOAc,PPhMe2,BuCN,0.057,90,0
CsOPiv,P(fur)3,BuCN,0.057,90,26.3
CsOPiv,PPh2Me,BuCN,0.057,90,0
CsOPiv,GorlosPhos HBF4,BuCN,0.057,90,29.23
CsOPiv,JackiePhos,BuCN,0.057,90,11.65
CsOPiv,CgMe-PPh,BuCN,0.057,90,43.22
CsOPiv,PPhMe2,BuCN,0.057,90,0
KOAc,P(fur)3,BuOAc,0.057,90,3.78
KOAc,PPh2Me,BuOAc,0.057,90,0
KOAc,GorlosPhos HBF4,BuOAc,0.057,90,3.14
KOAc,JackiePhos,BuOAc,0.057,90,3.77
KOAc,CgMe-PPh,BuOAc,0.057,90,12.61
KOAc,PPhMe2,BuOAc,0.057,90,0
KOPiv,P(fur)3,BuOAc,0.057,90,15.73
KOPiv,PPh2Me,BuOAc,0.057,90,0
KOPiv,GorlosPhos HBF4,BuOAc,0.057,90,3.04
KOPiv,JackiePhos,BuOAc,0.057,90,3.67
KOPiv,CgMe-PPh,BuOAc,0.057,90,17.63
KOPiv,PPhMe2,BuOAc,0.057,90,0
CsOAc,P(fur)3,BuOAc,0.057,90,13.72
CsOAc,PPh2Me,BuOAc,0.057,90,0
CsOAc,GorlosPhos HBF4,BuOAc,0.057,90,8.14
CsOAc,JackiePhos,BuOAc,0.057,90,1.79
CsOAc,CgMe-PPh,BuOAc,0.057,90,20.2
CsOAc,PPhMe2,BuOAc,0.057,90,0
CsOPiv,P(fur)3,BuOAc,0.057,90,13.13
CsOPiv,PPh2Me,BuOAc,0.057,90,0
CsOPiv,GorlosPhos HBF4,BuOAc,0.057,90,11
CsOPiv,JackiePhos,BuOAc,0.057,90,0.99
CsOPiv,CgMe-PPh,BuOAc,0.057,90,14.68
CsOPiv,PPhMe2,BuOAc,0.057,90,0
KOAc,P(fur)3,p-Xylene,0.057,90,2.65
KOAc,PPh2Me,p-Xylene,0.057,90,0
KOAc,GorlosPhos HBF4,p-Xylene,0.057,90,0
KOAc,JackiePhos,p-Xylene,0.057,90,3.79
KOAc,CgMe-PPh,p-Xylene,0.057,90,8.45
KOAc,PPhMe2,p-Xylene,0.057,90,0
KOPiv,P(fur)3,p-Xylene,0.057,90,15.86
KOPiv,PPh2Me,p-Xylene,0.057,90,0
KOPiv,GorlosPhos HBF4,p-Xylene,0.057,90,0
KOPiv,JackiePhos,p-Xylene,0.057,90,7.25
KOPiv,CgMe-PPh,p-Xylene,0.057,90,16.15
KOPiv,PPhMe2,p-Xylene,0.057,90,0
CsOAc,P(fur)3,p-Xylene,0.057,90,15.92
CsOAc,PPh2Me,p-Xylene,0.057,90,0
CsOAc,GorlosPhos HBF4,p-Xylene,0.057,90,1.12
CsOAc,JackiePhos,p-Xylene,0.057,90,5.48
CsOAc,CgMe-PPh,p-Xylene,0.057,90,28.4
CsOAc,PPhMe2,p-Xylene,0.057,90,0
CsOPiv,P(fur)3,p-Xylene,0.057,90,7.59
CsOPiv,PPh2Me,p-Xylene,0.057,90,0
CsOPiv,GorlosPhos HBF4,p-Xylene,0.057,90,0.76
CsOPiv,JackiePhos,p-Xylene,0.057,90,0
CsOPiv,CgMe-PPh,p-Xylene,0.057,90,0.4
CsOPiv,PPhMe2,p-Xylene,0.057,90,0
KOAc,P(fur)3,DMAc,0.057,105,39.39
KOAc,PPh2Me,DMAc,0.057,105,14.36
KOAc,GorlosPhos HBF4,DMAc,0.057,105,10.03
KOAc,JackiePhos,DMAc,0.057,105,87.62
KOAc,CgMe-PPh,DMAc,0.057,105,67.21
KOAc,PPhMe2,DMAc,0.057,105,0
KOPiv,P(fur)3,DMAc,0.057,105,64.12
KOPiv,PPh2Me,DMAc,0.057,105,22.92
KOPiv,GorlosPhos HBF4,DMAc,0.057,105,27.93
KOPiv,JackiePhos,DMAc,0.057,105,54.07
KOPiv,CgMe-PPh,DMAc,0.057,105,90.39
KOPiv,PPhMe2,DMAc,0.057,105,0
CsOAc,P(fur)3,DMAc,0.057,105,44.25
CsOAc,PPh2Me,DMAc,0.057,105,20.41
CsOAc,GorlosPhos HBF4,DMAc,0.057,105,12.61
CsOAc,JackiePhos,DMAc,0.057,105,71.97
CsOAc,CgMe-PPh,DMAc,0.057,105,91.39
CsOAc,PPhMe2,DMAc,0.057,105,0
CsOPiv,P(fur)3,DMAc,0.057,105,46.33
CsOPiv,PPh2Me,DMAc,0.057,105,14.24
CsOPiv,GorlosPhos HBF4,DMAc,0.057,105,24.03
CsOPiv,JackiePhos,DMAc,0.057,105,9.52
CsOPiv,CgMe-PPh,DMAc,0.057,105,91.06
CsOPiv,PPhMe2,DMAc,0.057,105,0
KOAc,P(fur)3,BuCN,0.057,105,8.17
KOAc,PPh2Me,BuCN,0.057,105,0
KOAc,GorlosPhos HBF4,BuCN,0.057,105,13.79
KOAc,JackiePhos,BuCN,0.057,105,24.09
KOAc,CgMe-PPh,BuCN,0.057,105,36.66
KOAc,PPhMe2,BuCN,0.057,105,0
KOPiv,P(fur)3,BuCN,0.057,105,43.79
KOPiv,PPh2Me,BuCN,0.057,105,1.52
KOPiv,GorlosPhos HBF4,BuCN,0.057,105,49.19
KOPiv,JackiePhos,BuCN,0.057,105,15.64
KOPiv,CgMe-PPh,BuCN,0.057,105,76.85
KOPiv,PPhMe2,BuCN,0.057,105,0
CsOAc,P(fur)3,BuCN,0.057,105,20.05
CsOAc,PPh2Me,BuCN,0.057,105,0.04
CsOAc,GorlosPhos HBF4,BuCN,0.057,105,36.9
CsOAc,JackiePhos,BuCN,0.057,105,23.83
CsOAc,CgMe-PPh,BuCN,0.057,105,67.85
CsOAc,PPhMe2,BuCN,0.057,105,0
CsOPiv,P(fur)3,BuCN,0.057,105,34.47
CsOPiv,PPh2Me,BuCN,0.057,105,0.53
CsOPiv,GorlosPhos HBF4,BuCN,0.057,105,46.17
CsOPiv,JackiePhos,BuCN,0.057,105,10.68
CsOPiv,CgMe-PPh,BuCN,0.057,105,11.18
CsOPiv,PPhMe2,BuCN,0.057,105,0
KOAc,P(fur)3,BuOAc,0.057,105,8.43
KOAc,PPh2Me,BuOAc,0.057,105,0
KOAc,GorlosPhos HBF4,BuOAc,0.057,105,2.21
KOAc,JackiePhos,BuOAc,0.057,105,5.59
KOAc,CgMe-PPh,BuOAc,0.057,105,35.64
KOAc,PPhMe2,BuOAc,0.057,105,0
KOPiv,P(fur)3,BuOAc,0.057,105,16.31
KOPiv,PPh2Me,BuOAc,0.057,105,0
KOPiv,GorlosPhos HBF4,BuOAc,0.057,105,10.68
KOPiv,JackiePhos,BuOAc,0.057,105,4.15
KOPiv,CgMe-PPh,BuOAc,0.057,105,30.75
KOPiv,PPhMe2,BuOAc,0.057,105,0
CsOAc,P(fur)3,BuOAc,0.057,105,14.5
CsOAc,PPh2Me,BuOAc,0.057,105,0
CsOAc,GorlosPhos HBF4,BuOAc,0.057,105,22.02
CsOAc,JackiePhos,BuOAc,0.057,105,3.37
CsOAc,CgMe-PPh,BuOAc,0.057,105,38.53
CsOAc,PPhMe2,BuOAc,0.057,105,0
CsOPiv,P(fur)3,BuOAc,0.057,105,14.84
CsOPiv,PPh2Me,BuOAc,0.057,105,0
CsOPiv,GorlosPhos HBF4,BuOAc,0.057,105,33.41
CsOPiv,JackiePhos,BuOAc,0.057,105,1.3
CsOPiv,CgMe-PPh,BuOAc,0.057,105,19.84
CsOPiv,PPhMe2,BuOAc,0.057,105,0
KOAc,P(fur)3,p-Xylene,0.057,105,4.99
KOAc,PPh2Me,p-Xylene,0.057,105,0
KOAc,GorlosPhos HBF4,p-Xylene,0.057,105,1.47
KOAc,JackiePhos,p-Xylene,0.057,105,5.45
KOAc,CgMe-PPh,p-Xylene,0.057,105,25.69
KOAc,PPhMe2,p-Xylene,0.057,105,0
KOPiv,P(fur)3,p-Xylene,0.057,105,14.68
KOPiv,PPh2Me,p-Xylene,0.057,105,0
KOPiv,GorlosPhos HBF4,p-Xylene,0.057,105,24.06
KOPiv,JackiePhos,p-Xylene,0.057,105,8.93
KOPiv,CgMe-PPh,p-Xylene,0.057,105,17
KOPiv,PPhMe2,p-Xylene,0.057,105,0
CsOAc,P(fur)3,p-Xylene,0.057,105,16.85
CsOAc,PPh2Me,p-Xylene,0.057,105,0
CsOAc,GorlosPhos HBF4,p-Xylene,0.057,105,0
CsOAc,JackiePhos,p-Xylene,0.057,105,6.15
CsOAc,CgMe-PPh,p-Xylene,0.057,105,41.1
CsOAc,PPhMe2,p-Xylene,0.057,105,0
CsOPiv,P(fur)3,p-Xylene,0.057,105,7.12
CsOPiv,PPh2Me,p-Xylene,0.057,105,0
CsOPiv,GorlosPhos HBF4,p-Xylene,0.057,105,12.53
CsOPiv,JackiePhos,p-Xylene,0.057,105,6.96
CsOPiv,CgMe-PPh,p-Xylene,0.057,105,11.91
CsOPiv,PPhMe2,p-Xylene,0.057,105,0
KOAc,P(fur)3,DMAc,0.057,120,62.04
KOAc,PPh2Me,DMAc,0.057,120,12.01
KOAc,GorlosPhos HBF4,DMAc,0.057,120,13.87
KOAc,JackiePhos,DMAc,0.057,120,89.14
KOAc,CgMe-PPh,DMAc,0.057,120,96.64
KOAc,PPhMe2,DMAc,0.057,120,3.33
KOPiv,P(fur)3,DMAc,0.057,120,83.62
KOPiv,PPh2Me,DMAc,0.057,120,28.06
KOPiv,GorlosPhos HBF4,DMAc,0.057,120,36.29
KOPiv,JackiePhos,DMAc,0.057,120,82.13
KOPiv,CgMe-PPh,DMAc,0.057,120,89.95
KOPiv,PPhMe2,DMAc,0.057,120,2.15
CsOAc,P(fur)3,DMAc,0.057,120,78.6
CsOAc,PPh2Me,DMAc,0.057,120,18.16
CsOAc,GorlosPhos HBF4,DMAc,0.057,120,16.77
CsOAc,JackiePhos,DMAc,0.057,120,81.48
CsOAc,CgMe-PPh,DMAc,0.057,120,95.48
CsOAc,PPhMe2,DMAc,0.057,120,5.9
CsOPiv,P(fur)3,DMAc,0.057,120,50.7
CsOPiv,PPh2Me,DMAc,0.057,120,9.36
CsOPiv,GorlosPhos HBF4,DMAc,0.057,120,27.88
CsOPiv,JackiePhos,DMAc,0.057,120,22.07
CsOPiv,CgMe-PPh,DMAc,0.057,120,92.03
CsOPiv,PPhMe2,DMAc,0.057,120,0
KOAc,P(fur)3,BuCN,0.057,120,12.25
KOAc,PPh2Me,BuCN,0.057,120,0
KOAc,GorlosPhos HBF4,BuCN,0.057,120,20.95
KOAc,JackiePhos,BuCN,0.057,120,21.88
KOAc,CgMe-PPh,BuCN,0.057,120,76.66
KOAc,PPhMe2,BuCN,0.057,120,0
KOPiv,P(fur)3,BuCN,0.057,120,31.53
KOPiv,PPh2Me,BuCN,0.057,120,0
KOPiv,GorlosPhos HBF4,BuCN,0.057,120,64.48
KOPiv,JackiePhos,BuCN,0.057,120,16.07
KOPiv,CgMe-PPh,BuCN,0.057,120,77.52
KOPiv,PPhMe2,BuCN,0.057,120,0
CsOAc,P(fur)3,BuCN,0.057,120,25.45
CsOAc,PPh2Me,BuCN,0.057,120,0
CsOAc,GorlosPhos HBF4,BuCN,0.057,120,49.09
CsOAc,JackiePhos,BuCN,0.057,120,23.23
CsOAc,CgMe-PPh,BuCN,0.057,120,50.74
CsOAc,PPhMe2,BuCN,0.057,120,0
CsOPiv,P(fur)3,BuCN,0.057,120,23.81
CsOPiv,PPh2Me,BuCN,0.057,120,0
CsOPiv,GorlosPhos HBF4,BuCN,0.057,120,58.13
CsOPiv,JackiePhos,BuCN,0.057,120,11.26
CsOPiv,CgMe-PPh,BuCN,0.057,120,75.46
CsOPiv,PPhMe2,BuCN,0.057,120,0
KOAc,P(fur)3,BuOAc,0.057,120,9.35
KOAc,PPh2Me,BuOAc,0.057,120,0
KOAc,GorlosPhos HBF4,BuOAc,0.057,120,0
KOAc,JackiePhos,BuOAc,0.057,120,5.16
KOAc,CgMe-PPh,BuOAc,0.057,120,46.42
KOAc,PPhMe2,BuOAc,0.057,120,0
KOPiv,P(fur)3,BuOAc,0.057,120,14.81
KOPiv,PPh2Me,BuOAc,0.057,120,0
KOPiv,GorlosPhos HBF4,BuOAc,0.057,120,38.63
KOPiv,JackiePhos,BuOAc,0.057,120,3.96
KOPiv,CgMe-PPh,BuOAc,0.057,120,33.69
KOPiv,PPhMe2,BuOAc,0.057,120,0
CsOAc,P(fur)3,BuOAc,0.057,120,12.14
CsOAc,PPh2Me,BuOAc,0.057,120,0
CsOAc,GorlosPhos HBF4,BuOAc,0.057,120,34.4
CsOAc,JackiePhos,BuOAc,0.057,120,2.45
CsOAc,CgMe-PPh,BuOAc,0.057,120,38.65
CsOAc,PPhMe2,BuOAc,0.057,120,0
CsOPiv,P(fur)3,BuOAc,0.057,120,10.59
CsOPiv,PPh2Me,BuOAc,0.057,120,0
CsOPiv,GorlosPhos HBF4,BuOAc,0.057,120,13.52
CsOPiv,JackiePhos,BuOAc,0.057,120,1.23
CsOPiv,CgMe-PPh,BuOAc,0.057,120,19.71
CsOPiv,PPhMe2,BuOAc,0.057,120,0
KOAc,P(fur)3,p-Xylene,0.057,120,4.66
KOAc,PPh2Me,p-Xylene,0.057,120,0
KOAc,GorlosPhos HBF4,p-Xylene,0.057,120,0
KOAc,JackiePhos,p-Xylene,0.057,120,5.4
KOAc,CgMe-PPh,p-Xylene,0.057,120,31.14
KOAc,PPhMe2,p-Xylene,0.057,120,0
KOPiv,P(fur)3,p-Xylene,0.057,120,9.88
KOPiv,PPh2Me,p-Xylene,0.057,120,0
KOPiv,GorlosPhos HBF4,p-Xylene,0.057,120,4.02
KOPiv,JackiePhos,p-Xylene,0.057,120,8.9
KOPiv,CgMe-PPh,p-Xylene,0.057,120,26.39
KOPiv,PPhMe2,p-Xylene,0.057,120,0
CsOAc,P(fur)3,p-Xylene,0.057,120,11.72
CsOAc,PPh2Me,p-Xylene,0.057,120,0
CsOAc,GorlosPhos HBF4,p-Xylene,0.057,120,21.94
CsOAc,JackiePhos,p-Xylene,0.057,120,6.44
CsOAc,CgMe-PPh,p-Xylene,0.057,120,59.82
CsOAc,PPhMe2,p-Xylene,0.057,120,0
CsOPiv,P(fur)3,p-Xylene,0.057,120,5.15
CsOPiv,PPh2Me,p-Xylene,0.057,120,0
CsOPiv,GorlosPhos HBF4,p-Xylene,0.057,120,3.69
CsOPiv,JackiePhos,p-Xylene,0.057,120,7.03
CsOPiv,CgMe-PPh,p-Xylene,0.057,120,12.23
CsOPiv,PPhMe2,p-Xylene,0.057,120,0
KOAc,P(fur)3,DMAc,0.153,90,10.13
KOAc,PPh2Me,DMAc,0.153,90,3.02
KOAc,GorlosPhos HBF4,DMAc,0.153,90,9.14
KOAc,JackiePhos,DMAc,0.153,90,36.97
KOAc,CgMe-PPh,DMAc,0.153,90,28.9
KOAc,PPhMe2,DMAc,0.153,90,0
KOPiv,P(fur)3,DMAc,0.153,90,37.37
KOPiv,PPh2Me,DMAc,0.153,90,2.29
KOPiv,GorlosPhos HBF4,DMAc,0.153,90,30.03
KOPiv,JackiePhos,DMAc,0.153,90,2.9
KOPiv,CgMe-PPh,DMAc,0.153,90,61.09
KOPiv,PPhMe2,DMAc,0.153,90,0
CsOAc,P(fur)3,DMAc,0.153,90,24.55
CsOAc,PPh2Me,DMAc,0.153,90,3.61
CsOAc,GorlosPhos HBF4,DMAc,0.153,90,14.72
CsOAc,JackiePhos,DMAc,0.153,90,11.77
CsOAc,CgMe-PPh,DMAc,0.153,90,43.84
CsOAc,PPhMe2,DMAc,0.153,90,0
CsOPiv,P(fur)3,DMAc,0.153,90,31.66
CsOPiv,PPh2Me,DMAc,0.153,90,1.36
CsOPiv,GorlosPhos HBF4,DMAc,0.153,90,23.23
CsOPiv,JackiePhos,DMAc,0.153,90,0.97
CsOPiv,CgMe-PPh,DMAc,0.153,90,84.03
CsOPiv,PPhMe2,DMAc,0.153,90,0
KOAc,P(fur)3,BuCN,0.153,90,5.7
KOAc,PPh2Me,BuCN,0.153,90,0
KOAc,GorlosPhos HBF4,BuCN,0.153,90,5.26
KOAc,JackiePhos,BuCN,0.153,90,24.05
KOAc,CgMe-PPh,BuCN,0.153,90,19.99
KOAc,PPhMe2,BuCN,0.153,90,0
KOPiv,P(fur)3,BuCN,0.153,90,52.2
KOPiv,PPh2Me,BuCN,0.153,90,0
KOPiv,GorlosPhos HBF4,BuCN,0.153,90,14.99
KOPiv,JackiePhos,BuCN,0.153,90,22.3
KOPiv,CgMe-PPh,BuCN,0.153,90,52.23
KOPiv,PPhMe2,BuCN,0.153,90,0
CsOAc,P(fur)3,BuCN,0.153,90,29.45
CsOAc,PPh2Me,BuCN,0.153,90,0
CsOAc,GorlosPhos HBF4,BuCN,0.153,90,16.44
CsOAc,JackiePhos,BuCN,0.153,90,36.32
CsOAc,CgMe-PPh,BuCN,0.153,90,63.2
CsOAc,PPhMe2,BuCN,0.153,90,0
CsOPiv,P(fur)3,BuCN,0.153,90,44.4
CsOPiv,PPh2Me,BuCN,0.153,90,0
CsOPiv,GorlosPhos HBF4,BuCN,0.153,90,18.19
CsOPiv,JackiePhos,BuCN,0.153,90,16.91
CsOPiv,CgMe-PPh,BuCN,0.153,90,36.73
CsOPiv,PPhMe2,BuCN,0.153,90,0
KOAc,P(fur)3,BuOAc,0.153,90,10.04
KOAc,PPh2Me,BuOAc,0.153,90,0
KOAc,GorlosPhos HBF4,BuOAc,0.153,90,0
KOAc,JackiePhos,BuOAc,0.153,90,4.39
KOAc,CgMe-PPh,BuOAc,0.153,90,16.83
KOAc,PPhMe2,BuOAc,0.153,90,0
KOPiv,P(fur)3,BuOAc,0.153,90,33.6
KOPiv,PPh2Me,BuOAc,0.153,90,0
KOPiv,GorlosPhos HBF4,BuOAc,0.153,90,5.65
KOPiv,JackiePhos,BuOAc,0.153,90,5.68
KOPiv,CgMe-PPh,BuOAc,0.153,90,22.65
KOPiv,PPhMe2,BuOAc,0.153,90,0
CsOAc,P(fur)3,BuOAc,0.153,90,34.6
CsOAc,PPh2Me,BuOAc,0.153,90,0
CsOAc,GorlosPhos HBF4,BuOAc,0.153,90,4.16
CsOAc,JackiePhos,BuOAc,0.153,90,3.38
CsOAc,CgMe-PPh,BuOAc,0.153,90,31.58
CsOAc,PPhMe2,BuOAc,0.153,90,0
CsOPiv,P(fur)3,BuOAc,0.153,90,25.64
CsOPiv,PPh2Me,BuOAc,0.153,90,0
CsOPiv,GorlosPhos HBF4,BuOAc,0.153,90,9.39
CsOPiv,JackiePhos,BuOAc,0.153,90,2.77
CsOPiv,CgMe-PPh,BuOAc,0.153,90,18.93
CsOPiv,PPhMe2,BuOAc,0.153,90,0
KOAc,P(fur)3,p-Xylene,0.153,90,10.66
KOAc,PPh2Me,p-Xylene,0.153,90,0
KOAc,GorlosPhos HBF4,p-Xylene,0.153,90,0.18
KOAc,JackiePhos,p-Xylene,0.153,90,6.73
KOAc,CgMe-PPh,p-Xylene,0.153,90,16.95
KOAc,PPhMe2,p-Xylene,0.153,90,0
KOPiv,P(fur)3,p-Xylene,0.153,90,37.3
KOPiv,PPh2Me,p-Xylene,0.153,90,0
KOPiv,GorlosPhos HBF4,p-Xylene,0.153,90,2.49
KOPiv,JackiePhos,p-Xylene,0.153,90,9.96
KOPiv,CgMe-PPh,p-Xylene,0.153,90,20.67
KOPiv,PPhMe2,p-Xylene,0.153,90,0
CsOAc,P(fur)3,p-Xylene,0.153,90,40.04
CsOAc,PPh2Me,p-Xylene,0.153,90,0
CsOAc,GorlosPhos HBF4,p-Xylene,0.153,90,1.65
CsOAc,JackiePhos,p-Xylene,0.153,90,6.77
CsOAc,CgMe-PPh,p-Xylene,0.153,90,44.22
CsOAc,PPhMe2,p-Xylene,0.153,90,0
CsOPiv,P(fur)3,p-Xylene,0.153,90,18.95
CsOPiv,PPh2Me,p-Xylene,0.153,90,0
CsOPiv,GorlosPhos HBF4,p-Xylene,0.153,90,0.93
CsOPiv,JackiePhos,p-Xylene,0.153,90,9.32
CsOPiv,CgMe-PPh,p-Xylene,0.153,90,13.02
CsOPiv,PPhMe2,p-Xylene,0.153,90,0
KOAc,P(fur)3,DMAc,0.153,105,32.04
KOAc,PPh2Me,DMAc,0.153,105,3.79
KOAc,GorlosPhos HBF4,DMAc,0.153,105,21.77
KOAc,JackiePhos,DMAc,0.153,105,63.88
KOAc,CgMe-PPh,DMAc,0.153,105,87
KOAc,PPhMe2,DMAc,0.153,105,0
KOPiv,P(fur)3,DMAc,0.153,105,64.46
KOPiv,PPh2Me,DMAc,0.153,105,2.77
KOPiv,GorlosPhos HBF4,DMAc,0.153,105,72.45
KOPiv,JackiePhos,DMAc,0.153,105,11.68
KOPiv,CgMe-PPh,DMAc,0.153,105,98.49
KOPiv,PPhMe2,DMAc,0.153,105,0
CsOAc,P(fur)3,DMAc,0.153,105,52.56
CsOAc,PPh2Me,DMAc,0.153,105,3.24
CsOAc,GorlosPhos HBF4,DMAc,0.153,105,59.83
CsOAc,JackiePhos,DMAc,0.153,105,22.3
CsOAc,CgMe-PPh,DMAc,0.153,105,100
CsOAc,PPhMe2,DMAc,0.153,105,0
CsOPiv,P(fur)3,DMAc,0.153,105,55.96
CsOPiv,PPh2Me,DMAc,0.153,105,0
CsOPiv,GorlosPhos HBF4,DMAc,0.153,105,76.34
CsOPiv,JackiePhos,DMAc,0.153,105,2.84
CsOPiv,CgMe-PPh,DMAc,0.153,105,100
CsOPiv,PPhMe2,DMAc,0.153,105,0
KOAc,P(fur)3,BuCN,0.153,105,11.61
KOAc,PPh2Me,BuCN,0.153,105,0
KOAc,GorlosPhos HBF4,BuCN,0.153,105,11.6
KOAc,JackiePhos,BuCN,0.153,105,21.86
KOAc,CgMe-PPh,BuCN,0.153,105,50.75
KOAc,PPhMe2,BuCN,0.153,105,0
KOPiv,P(fur)3,BuCN,0.153,105,57.68
KOPiv,PPh2Me,BuCN,0.153,105,0
KOPiv,GorlosPhos HBF4,BuCN,0.153,105,30.77
KOPiv,JackiePhos,BuCN,0.153,105,23.1
KOPiv,CgMe-PPh,BuCN,0.153,105,69.2
KOPiv,PPhMe2,BuCN,0.153,105,0
CsOAc,P(fur)3,BuCN,0.153,105,31.29
CsOAc,PPh2Me,BuCN,0.153,105,0
CsOAc,GorlosPhos HBF4,BuCN,0.153,105,28.37
CsOAc,JackiePhos,BuCN,0.153,105,32.74
CsOAc,CgMe-PPh,BuCN,0.153,105,96.38
CsOAc,PPhMe2,BuCN,0.153,105,0
CsOPiv,P(fur)3,BuCN,0.153,105,52.69
CsOPiv,PPh2Me,BuCN,0.153,105,0
CsOPiv,GorlosPhos HBF4,BuCN,0.153,105,29.82
CsOPiv,JackiePhos,BuCN,0.153,105,13.99
CsOPiv,CgMe-PPh,BuCN,0.153,105,53.52
CsOPiv,PPhMe2,BuCN,0.153,105,0
KOAc,P(fur)3,BuOAc,0.153,105,14.19
KOAc,PPh2Me,BuOAc,0.153,105,0
KOAc,GorlosPhos HBF4,BuOAc,0.153,105,1.31
KOAc,JackiePhos,BuOAc,0.153,105,6.18
KOAc,CgMe-PPh,BuOAc,0.153,105,38.53
KOAc,PPhMe2,BuOAc,0.153,105,0
KOPiv,P(fur)3,BuOAc,0.153,105,36.7
KOPiv,PPh2Me,BuOAc,0.153,105,0
KOPiv,GorlosPhos HBF4,BuOAc,0.153,105,13.22
KOPiv,JackiePhos,BuOAc,0.153,105,6.7
KOPiv,CgMe-PPh,BuOAc,0.153,105,32.43
KOPiv,PPhMe2,BuOAc,0.153,105,0
CsOAc,P(fur)3,BuOAc,0.153,105,34.53
CsOAc,PPh2Me,BuOAc,0.153,105,0
CsOAc,GorlosPhos HBF4,BuOAc,0.153,105,5.13
CsOAc,JackiePhos,BuOAc,0.153,105,4.09
CsOAc,CgMe-PPh,BuOAc,0.153,105,50.69
CsOAc,PPhMe2,BuOAc,0.153,105,0
CsOPiv,P(fur)3,BuOAc,0.153,105,27.05
CsOPiv,PPh2Me,BuOAc,0.153,105,0
CsOPiv,GorlosPhos HBF4,BuOAc,0.153,105,9.03
CsOPiv,JackiePhos,BuOAc,0.153,105,3.13
CsOPiv,CgMe-PPh,BuOAc,0.153,105,22.88
CsOPiv,PPhMe2,BuOAc,0.153,105,0
KOAc,P(fur)3,p-Xylene,0.153,105,11.69
KOAc,PPh2Me,p-Xylene,0.153,105,0
KOAc,GorlosPhos HBF4,p-Xylene,0.153,105,0.83
KOAc,JackiePhos,p-Xylene,0.153,105,7.61
KOAc,CgMe-PPh,p-Xylene,0.153,105,41.64
KOAc,PPhMe2,p-Xylene,0.153,105,0
KOPiv,P(fur)3,p-Xylene,0.153,105,37.71
KOPiv,PPh2Me,p-Xylene,0.153,105,0.22
KOPiv,GorlosPhos HBF4,p-Xylene,0.153,105,4.92
KOPiv,JackiePhos,p-Xylene,0.153,105,12.77
KOPiv,CgMe-PPh,p-Xylene,0.153,105,31.32
KOPiv,PPhMe2,p-Xylene,0.153,105,0
CsOAc,P(fur)3,p-Xylene,0.153,105,53.25
CsOAc,PPh2Me,p-Xylene,0.153,105,0
CsOAc,GorlosPhos HBF4,p-Xylene,0.153,105,6.96
CsOAc,JackiePhos,p-Xylene,0.153,105,10.93
CsOAc,CgMe-PPh,p-Xylene,0.153,105,80.69
CsOAc,PPhMe2,p-Xylene,0.153,105,0
CsOPiv,P(fur)3,p-Xylene,0.153,105,15.44
CsOPiv,PPh2Me,p-Xylene,0.153,105,0
CsOPiv,GorlosPhos HBF4,p-Xylene,0.153,105,4.53
CsOPiv,JackiePhos,p-Xylene,0.153,105,10.46
CsOPiv,CgMe-PPh,p-Xylene,0.153,105,19.28
CsOPiv,PPhMe2,p-Xylene,0.153,105,0
KOAc,P(fur)3,DMAc,0.153,120,52.08
KOAc,PPh2Me,DMAc,0.153,120,7.5
KOAc,GorlosPhos HBF4,DMAc,0.153,120,14.06
KOAc,JackiePhos,DMAc,0.153,120,85.21
KOAc,CgMe-PPh,DMAc,0.153,120,98.38
KOAc,PPhMe2,DMAc,0.153,120,2.78
KOPiv,P(fur)3,DMAc,0.153,120,78.93
KOPiv,PPh2Me,DMAc,0.153,120,2.64
KOPiv,GorlosPhos HBF4,DMAc,0.153,120,61.33
KOPiv,JackiePhos,DMAc,0.153,120,43.12
KOPiv,CgMe-PPh,DMAc,0.153,120,99.81
KOPiv,PPhMe2,DMAc,0.153,120,0
CsOAc,P(fur)3,DMAc,0.153,120,74.3
CsOAc,PPh2Me,DMAc,0.153,120,2.33
CsOAc,GorlosPhos HBF4,DMAc,0.153,120,40.26
CsOAc,JackiePhos,DMAc,0.153,120,39.57
CsOAc,CgMe-PPh,DMAc,0.153,120,99.22
CsOAc,PPhMe2,DMAc,0.153,120,2.79
CsOPiv,P(fur)3,DMAc,0.153,120,68.17
CsOPiv,PPh2Me,DMAc,0.153,120,10.49
CsOPiv,GorlosPhos HBF4,DMAc,0.153,120,54.83
CsOPiv,JackiePhos,DMAc,0.153,120,5.65
CsOPiv,CgMe-PPh,DMAc,0.153,120,92.19
CsOPiv,PPhMe2,DMAc,0.153,120,0
KOAc,P(fur)3,BuCN,0.153,120,3.04
KOAc,PPh2Me,BuCN,0.153,120,0
KOAc,GorlosPhos HBF4,BuCN,0.153,120,19.95
KOAc,JackiePhos,BuCN,0.153,120,20.72
KOAc,CgMe-PPh,BuCN,0.153,120,80.86
KOAc,PPhMe2,BuCN,0.153,120,0
KOPiv,P(fur)3,BuCN,0.153,120,53.11
KOPiv,PPh2Me,BuCN,0.153,120,0
KOPiv,GorlosPhos HBF4,BuCN,0.153,120,45.37
KOPiv,JackiePhos,BuCN,0.153,120,20.51
KOPiv,CgMe-PPh,BuCN,0.153,120,80.65
KOPiv,PPhMe2,BuCN,0.153,120,0
CsOAc,P(fur)3,BuCN,0.153,120,30.17
CsOAc,PPh2Me,BuCN,0.153,120,0
CsOAc,GorlosPhos HBF4,BuCN,0.153,120,36.46
CsOAc,JackiePhos,BuCN,0.153,120,27.41
CsOAc,CgMe-PPh,BuCN,0.153,120,99.98
CsOAc,PPhMe2,BuCN,0.153,120,0
CsOPiv,P(fur)3,BuCN,0.153,120,49.48
CsOPiv,PPh2Me,BuCN,0.153,120,0
CsOPiv,GorlosPhos HBF4,BuCN,0.153,120,39.2
CsOPiv,JackiePhos,BuCN,0.153,120,13.79
CsOPiv,CgMe-PPh,BuCN,0.153,120,71.81
CsOPiv,PPhMe2,BuCN,0.153,120,0
KOAc,P(fur)3,BuOAc,0.153,120,13.12
KOAc,PPh2Me,BuOAc,0.153,120,0
KOAc,GorlosPhos HBF4,BuOAc,0.153,120,8.2
KOAc,JackiePhos,BuOAc,0.153,120,6.48
KOAc,CgMe-PPh,BuOAc,0.153,120,52.47
KOAc,PPhMe2,BuOAc,0.153,120,0
KOPiv,P(fur)3,BuOAc,0.153,120,31.43
KOPiv,PPh2Me,BuOAc,0.153,120,0
KOPiv,GorlosPhos HBF4,BuOAc,0.153,120,26.48
KOPiv,JackiePhos,BuOAc,0.153,120,6.87
KOPiv,CgMe-PPh,BuOAc,0.153,120,45.73
KOPiv,PPhMe2,BuOAc,0.153,120,0
CsOAc,P(fur)3,BuOAc,0.153,120,53.61
CsOAc,PPh2Me,BuOAc,0.153,120,0
CsOAc,GorlosPhos HBF4,BuOAc,0.153,120,23.3
CsOAc,JackiePhos,BuOAc,0.153,120,4.87
CsOAc,CgMe-PPh,BuOAc,0.153,120,62.33
CsOAc,PPhMe2,BuOAc,0.153,120,1.8
CsOPiv,P(fur)3,BuOAc,0.153,120,21.09
CsOPiv,PPh2Me,BuOAc,0.153,120,0
CsOPiv,GorlosPhos HBF4,BuOAc,0.153,120,22.22
CsOPiv,JackiePhos,BuOAc,0.153,120,3.18
CsOPiv,CgMe-PPh,BuOAc,0.153,120,26.69
CsOPiv,PPhMe2,BuOAc,0.153,120,0
KOAc,P(fur)3,p-Xylene,0.153,120,11.99
KOAc,PPh2Me,p-Xylene,0.153,120,0
KOAc,GorlosPhos HBF4,p-Xylene,0.153,120,4.87
KOAc,JackiePhos,p-Xylene,0.153,120,7.88
KOAc,CgMe-PPh,p-Xylene,0.153,120,60.29
KOAc,PPhMe2,p-Xylene,0.153,120,0
KOPiv,P(fur)3,p-Xylene,0.153,120,23.8
KOPiv,PPh2Me,p-Xylene,0.153,120,0
KOPiv,GorlosPhos HBF4,p-Xylene,0.153,120,17.56
KOPiv,JackiePhos,p-Xylene,0.153,120,13.33
KOPiv,CgMe-PPh,p-Xylene,0.153,120,44.47
KOPiv,PPhMe2,p-Xylene,0.153,120,0
CsOAc,P(fur)3,p-Xylene,0.153,120,53.02
CsOAc,PPh2Me,p-Xylene,0.153,120,0
CsOAc,GorlosPhos HBF4,p-Xylene,0.153,120,11.49
CsOAc,JackiePhos,p-Xylene,0.153,120,10.77
CsOAc,CgMe-PPh,p-Xylene,0.153,120,91.19
CsOAc,PPhMe2,p-Xylene,0.153,120,0
CsOPiv,P(fur)3,p-Xylene,0.153,120,14.29
CsOPiv,PPh2Me,p-Xylene,0.153,120,1.6
CsOPiv,GorlosPhos HBF4,p-Xylene,0.153,120,8.39
CsOPiv,JackiePhos,p-Xylene,0.153,120,13.34
CsOPiv,CgMe-PPh,p-Xylene,0.153,120,19.13
CsOPiv,PPhMe2,p-Xylene,0.153,120,0
